,0
0,/c/tx/austin/stone-hill-3202-helms-st-austin-tx-78705--2072100931
1,/c/tx/austin/park-at-summer-s-grove-2900-century-park-blvd-austin-tx-78727--2072135724
2,/c/tx/austin/hyde-park-court-302-w-38th-st-austin-tx-78705--2110339052
3,/c/tx/austin/harmon-square-4719-harmon-ave-austin-tx-78751--1004194176
4,/c/tx/austin/centro-studio-homes-824-camino-la-costa-austin-tx-78752--2362472787
5,/c/tx/austin/west-24th-street-apartments-1302-w-24th-st-austin-tx-78705--2110338767
6,/c/tx/austin/chateau-avalon-of-austin-833-fairfield-dr-austin-tx-78758--2072303298
7,/c/tx/austin/bainbridge-villas-3603-southridge-dr-austin-tx-78704--2072097171
8,/c/tx/austin/peppertree-apartments-408-w-37th-st-austin-tx-78705--1002232473
9,/c/tx/austin/university-quarters-2801-hemphill-park-austin-tx-78705--2072100024
10,/c/tx/austin/brentwood-townhomes-5506-grover-ave-austin-tx-78756--2072289185
11,/c/tx/austin/willowrun-apartments-3414-willowrun-dr-austin-tx-78704--1041890648
12,/c/tx/austin/1200-w-40th-1200-w-40th-st-austin-tx-78756--2110357187
13,/c/tx/austin/silver-springs-12151-n-interstate-highway-35-austin-tx-78753--2000069824
14,/c/tx/austin/forest-park-1088-park-plz-austin-tx-78753--2072276485
15,/c/tx/austin/bridge-at-south-point-6808-s-interstate-highway-35-austin-tx-78745--2000055319
16,/c/tx/austin/elm-park-8624-fireside-dr-austin-tx-78757--2072296834
17,/c/tx/austin/enfield-court-apartments-2606-enfield-rd-austin-tx-78703--1001611136
18,/c/tx/austin/karnes-house-2222-rio-grande-st-austin-tx-78705--2072099254
19,/c/tx/austin/harris-branch-seniors-12331-dessau-rd-austin-tx-78754--2287346632
20,/c/tx/austin/bridge-at-sterling-springs-2809-w-william-cannon-dr-austin-tx-78745--2110348296
21,/c/tx/austin/the-quarters-cameron-house-2707-rio-grande-st-austin-tx-78705--1001505967
22,/c/tx/austin/park-plaza-915-e-41st-st-austin-tx-78751--2110353593
23,/c/tx/austin/canvas-739-w-william-cannon-dr-austin-tx-78745--1039390793
24,/c/tx/austin/northgate-terrace-1814-colony-creek-dr-austin-tx-78758--2072302416
25,/c/tx/austin/west-campus-flats-2104-san-gabriel-st-austin-tx-78705--1001680340
26,/c/tx/austin/amor-apartment-homes-1200-mearns-meadow-blvd-austin-tx-78758--2072300143
27,/c/tx/austin/lincoln-oaks-11700-metric-blvd-austin-tx-78758--2072299417
28,/c/tx/austin/4002-wrightwood-a-b-4002-wrightwood-rd-austin-tx-78722--2495550449
29,/c/tx/austin/the-quarters-sterling-house-709-w-22nd-st-austin-tx-78705--1001505918
30,/c/tx/austin/mission-james-place-4009-victory-dr-austin-tx-78704--2072097641
31,/c/tx/austin/western-trails-2422-western-trails-blvd-austin-tx-78745--2072215844
32,/c/tx/austin/bee-caves-vistas-7318-old-bee-caves-rd-austin-tx-78735--2072176133
33,/c/tx/austin/meritage-at-steiner-ranch-4500-steiner-ranch-blvd-austin-tx-78732--2072161068
34,/c/tx/austin/studio-1-0-bath-400-sqft-942-1501-kinney-ave-austin-tx-78704--1050320640
35,/c/tx/austin/array-2101-burton-dr-austin-tx-78741--2072200129
36,/c/tx/austin/kingfisher-creek-4601-e-saint-elmo-rd-austin-tx-78744--1011937782
37,/c/tx/austin/bridge-at-harris-ridge-1501-e-howard-ln-austin-tx-78753--2350363028
38,/c/tx/austin/the-beckett-14011-fm-969-austin-tx-78724--2072121012
39,/c/tx/austin/colonial-grand-at-wells-branch-1630-wells-branch-pkwy-austin-tx-78728--2072139465
40,/c/tx/austin/west-gate-ridge-apartment-homes-8700-w-gate-blvd-austin-tx-78745--2110349571
41,/c/tx/austin/townhollow-apartments-1200-treadwell-st-austin-tx-78704--2072089833
42,/c/tx/austin/waters-at-barton-creek-2611-bee-caves-rd-austin-tx-78746--2072230968
43,/c/tx/austin/austin-midtown-apartments-2819-foster-ln-austin-tx-78757--2072293133
44,/c/tx/austin/bent-tree-8405-bent-tree-rd-austin-tx-78759--2072313810
45,/c/tx/austin/studio-416-sqft-915-4312-speedway-austin-tx-78751--2503945390
46,/c/tx/austin/130-cumberland-130-cumberland-rd-austin-tx-78704--2072090465
47,/c/tx/austin/north-40-4003-red-river-st-austin-tx-78751--1002891628
48,/c/tx/austin/barton-creek-villas-2716-barton-creek-blvd-austin-tx-78735--2072173250
49,/c/tx/austin/radius-at-the-domain-11900-hobby-horse-ct-austin-tx-78758--2072299713
50,/c/tx/austin/preserve-at-wells-branch-1773-wells-branch-pkwy-austin-tx-78728--2000010313
51,/c/tx/austin/trails-of-walnut-creek-11511-metric-blvd-austin-tx-78758--2072299188
52,/c/tx/austin/castle-arms-3121-speedway-austin-tx-78705--2072100867
53,/c/tx/austin/heights-on-parmer-apartments-1500-e-parmer-ln-austin-tx-78753--2110355683
54,/c/tx/austin/park-place-at-loyola-6200-loyola-ln-austin-tx-78724--2072123481
55,/c/tx/austin/the-grove-8501-cameron-rd-austin-tx-78754--2072286939
56,/c/tx/austin/establishment-3501-s-1st-st-austin-tx-78704--2110337018
57,/c/tx/austin/the-park-at-crestview-8220-research-blvd-austin-tx-78758--2072303257
58,/c/tx/austin/15twelve-1512-forest-trl-austin-tx-78703--1045023680
59,/c/tx/austin/abelia-flats-8225-n-fm-620-rd-austin-tx-78726--2285956194
60,/c/tx/austin/95twenty-9520-spectrum-dr-austin-tx-78717--2072107596
61,/c/tx/austin/fort-branch-at-truman-s-landing-5800-techni-center-dr-austin-tx-78721--2072111646
62,/c/tx/austin/william-cannon-apartments-2112-e-william-cannon-dr-austin-tx-78744--2110347431
63,/c/tx/pflugerville/ambrosio-apartments-14301-n-interstate-highway-35-pflugerville-tx-78660--2340661076
64,/c/tx/austin/highpoint-north-8400-beech-dr-austin-tx-78758--2072303310
65,/c/tx/austin/ektom-2609-ektom-dr-austin-tx-78745--2072216429
66,/c/tx/austin/timbercreek-apartments-614-s-1st-st-austin-tx-78704--2110337742
67,/c/tx/austin/the-baxter-at-westwood-10707-lake-creek-pkwy-austin-tx-78750--2072264363
68,/c/tx/austin/villas-at-stone-oak-ranch-13021-legendary-dr-austin-tx-78727--2072133731
69,/c/tx/austin/balcones-woods-11215-research-blvd-austin-tx-78759--2072306496
70,/c/tx/austin/6407-springdale-road-6407-springdale-rd-austin-tx-78723--2072119739
71,/c/tx/austin/harris-branch-12435-dessau-rd-austin-tx-78754--2072284118
72,/c/tx/austin/legends-lake-creek-10015-lake-creek-pkwy-austin-tx-78729--2072141543
73,/c/tx/austin/chateau-at-west-8th-1211-w-8th-st-austin-tx-78703--2110333262
74,/c/tx/austin/sunset-palms-902-romeria-dr-austin-tx-78757--2072297035
75,/c/tx/austin/avana-soco-401-little-texas-ln-austin-tx-78745--2072218260
76,/c/tx/austin/circle-s-apartments-7201-s-congress-ave-austin-tx-78745--2110349475
77,/c/tx/austin/the-element-austin-1500-royal-crest-dr-austin-tx-78741--1002114441
78,/c/tx/austin/the-atlantic-grand-oaks-9323-manchaca-rd-austin-tx-78748--2072252732
79,/c/tx/austin/furnished-studio-austin-arboretum-south-9100-waterford-centre-blvd-austin-tx-78758--1002021118
80,/c/tx/austin/hudson-miramont-8818-travis-hills-dr-austin-tx-78735--2072177293
81,/c/tx/austin/mckinney-falls-apartments-6625-mckinney-falls-pkwy-austin-tx-78744--2448383761
82,/c/tx/austin/8605-shoal-creek-blvd-8605-shoal-creek-blvd-austin-tx-78757--2072296734
83,/c/tx/austin/feliz-apartment-homes-1804-w-rundberg-ln-austin-tx-78758--2000010832
84,/c/tx/austin/the-bridge-at-volente-11908-anderson-mill-rd-austin-tx-78726--1045706761
85,/c/tx/austin/colonial-grand-at-canyon-creek-9501-n-fm-620-rd-austin-tx-78726--2194594081
86,/c/tx/austin/the-gallery-3622-manchaca-rd-austin-tx-78704--2072097228
87,/c/tx/austin/twenty15-2015-cedar-bend-dr-austin-tx-78758--2072302559
88,/c/tx/austin/stone-oak-at-parmer-5400-w-parmer-ln-austin-tx-78727--2110342808
89,/c/tx/austin/colonial-grand-at-onion-creek-1901-onion-creek-pkwy-austin-tx-78748--2072245725
90,/c/tx/austin/madison-at-stone-creek-6800-mcneil-dr-austin-tx-78729--2072144832
91,/c/tx/austin/nolina-flats-8021-fm-620-austin-tx-78726--2285768919
92,/c/tx/austin/6509-berkman-drive-6509-berkman-dr-austin-tx-78723--2072119895
93,/c/tx/austin/sixty-600-6600-ed-bluestein-blvd-austin-tx-78723--2072119935
94,/c/tx/austin/imt-southpark-715-w-slaughter-ln-austin-tx-78748--2110351011
95,/c/tx/austin/south-lamar-village-3505-s-lamar-blvd-austin-tx-78704--2110337025
96,/c/tx/austin/3600-n-hills-dr-3600-n-hills-dr-austin-tx-78731--2110343357
97,/c/tx/austin/parkside-crossing-3400-shoreline-dr-austin-tx-78728--2072141064
98,/c/tx/austin/hyde-park-square-206-w-38th-st-austin-tx-78705--1136240890
99,/c/tx/austin/southridge-3806-southridge-dr-austin-tx-78704--2072097473
100,/c/tx/austin/landmark-conservancy-9301-old-bee-caves-rd-austin-tx-78735--2072177430
101,/c/tx/austin/renaissance-at-north-bend-12345-lamplight-village-ave-austin-tx-78758--2072301015
102,/c/tx/austin/camden-amber-oaks-9001-amberglen-blvd-austin-tx-78729--2072146746
103,/c/tx/austin/the-woods-on-barton-skyway-2901-barton-skyw-austin-tx-78746--2455549297
104,/c/tx/austin/villages-at-turtle-rock-12800-turtle-rock-rd-austin-tx-78729--2120864812
105,/c/tx/austin/the-square-apartments-9435-middle-fiskville-rd-austin-tx-78753--2072281794
106,/c/tx/austin/griffis-soco-austin-500-e-stassney-ln-austin-tx-78745--2110348982
107,/c/tx/austin/landmark-at-barton-creek-1781-spyglass-dr-austin-tx-78746--2000010395
108,/c/tx/austin/the-preserve-at-travis-creek-5604-sw-pkwy-austin-tx-78735--2483971135
109,/c/tx/austin/sabina-3400-harmon-ave-austin-tx-78705--2072101223
110,/c/tx/austin/residences-at-saltillo-1211-e-5th-st-austin-tx-78702--2365902650
111,/c/tx/austin/elan-apartment-homes-13145-n-highway-183-austin-tx-78750--2000001036
112,/c/tx/austin/the-spoke-2323-town-lake-cir-austin-tx-78741--1046381037
113,/c/tx/austin/grand-reserve-at-sunset-valley-5800-brodie-ln-austin-tx-78749--2184591074
114,/c/tx/austin/windsor-republic-place-5708-w-parmer-ln-austin-tx-78727--2197026315
115,/c/tx/austin/canyon-resort-at-great-hills-apartments-8701-bluffstone-cv-austin-tx-78759--2072314365
116,/c/tx/austin/bexley-at-anderson-mill-8601-anderson-mill-rd-austin-tx-78729--2072146384
117,/c/tx/austin/belara-1500-crossing-pl-austin-tx-78741--2072198320
118,/c/tx/austin/the-villages-of-bella-vista-8515-brodie-ln-austin-tx-78745--2072226947
119,/c/tx/austin/bell-hill-country-8600-highway-71-austin-tx-78735--2173665922
120,/c/tx/austin/10x-living-at-grandview-6500-champion-grandview-way-austin-tx-78750--2072267753
121,/c/tx/austin/limestone-canyon-12118-walnut-park-xing-austin-tx-78753--2072278347
122,/c/tx/austin/zilker-place-2017-bluebonnet-ln-austin-tx-78704--1001702535
123,/c/tx/austin/cortland-southpark-estates-10001-s-1st-st-austin-tx-78748--2110350733
124,/c/tx/austin/the-ivy-8912-n-lamar-blvd-austin-tx-78753--2110356920
125,/c/tx/austin/colonial-grand-at-double-creek-11001-s-1st-st-austin-tx-78748--2000040336
126,/c/tx/austin/affinity-at-wells-branch-14508-owen-tech-blvd-austin-tx-78728--1145098429
127,/c/tx/austin/balcones-club-9218-balcones-club-dr-austin-tx-78750--2072269814
128,/c/tx/austin/legends-lakeline-9725-n-lake-creek-pkwy-austin-tx-78717--2110340881
129,/c/tx/austin/404-rio-grande-404-rio-grande-st-austin-tx-78701--1150357929
130,/c/tx/austin/mesh-2101-elmont-dr-austin-tx-78741--1008252428
131,/c/tx/austin/33hundred-3300-wells-branch-pkwy-austin-tx-78728--1999998791
132,/c/tx/austin/milo-3220-duval-rd-austin-tx-78759--2072308610
133,/c/tx/austin/the-social-apartments-1817-e-oltorf-st-austin-tx-78741--2110346479
134,/c/tx/austin/apex-modern-living-2215-e-51st-st-austin-tx-78723--2110341772
135,/c/tx/austin/9500-apartments-9500-dessau-rd-austin-tx-78754--2072287219
136,/c/tx/austin/west-lake-vistas-7201-ranch-road-2222-austin-tx-78730--2072149402
137,/c/tx/austin/burnet-flats-5453-burnet-rd-austin-tx-78756--2072289121
138,/c/tx/austin/the-brodie-8700-brodie-ln-austin-tx-78745--2184586539
139,/c/tx/austin/landing-furnished-apartments-in-austin-flexible-leases-0-deposit-2399-s-lamar-blvd-austin-tx-78704--2441660885
140,/c/tx/austin/affinity-at-southpark-meadows-9500-alice-mae-ln-austin-tx-78748--2316989174
141,/c/tx/austin/the-boulevard-at-town-lake-2600-lake-austin-blvd-austin-tx-78703--2072086450
142,/c/tx/austin/south-congress-commons-126-w-alpine-rd-austin-tx-78704--1010502512
143,/c/tx/austin/pointe-360-6804-n-capital-of-texas-hwy-austin-tx-78731--2110343829
144,/c/tx/austin/furnished-studio-austin-round-rock-south-16950-n-interstate-highway-35-austin-tx-78728--1146576586
145,/c/tx/austin/the-springs-garden-homes-4716-duval-rd-austin-tx-78727--2072136959
146,/c/tx/austin/amli-covered-bridge-8715-w-highway-71-austin-tx-78735--1999997687
147,/c/tx/austin/bridge-at-asher-10505-s-interstate-highway-35-frontage-rd-austin-tx-78745--2454505877
148,/c/tx/austin/sonterra-luxury-apartment-homes-8801-n-fm-620-rd-austin-tx-78726--2110342378
149,/c/tx/austin/solaris-1601-royal-crest-dr-austin-tx-78741--2072198597
150,/c/tx/austin/farmhouse-apartments-10801-s-interstate-highway-35-frontage-rd-austin-tx-78745--2402567401
151,/c/tx/austin/5th-street-commons-1611-w-5th-st-austin-tx-78703--2461513440
152,/c/tx/austin/colonial-village-at-quarry-oaks-6263-mcneil-dr-austin-tx-78729--2072144665
153,/c/tx/austin/griffis-canyon-creek-9807-n-fm-620-rd-austin-tx-78726--2194825286
154,/c/tx/austin/lenox-springs-10500-s-interstate-highway-35-austin-tx-78748--2313902060
155,/c/tx/austin/legacy-at-western-oaks-8801-la-cresada-dr-austin-tx-78749--2072261914
156,/c/tx/austin/620-canyon-creek-9009-n-fm-620-rd-austin-tx-78726--2194602123
157,/c/tx/pflugerville/the-oaks-at-techridge-14000-the-lakes-blvd-pflugerville-tx-78660--2071987906
158,/c/tx/austin/duval-villa-4305-duval-st-austin-tx-78751--2072271322
159,/c/tx/austin/ravina-apartment-homes-10301-farm-to-market-rd-austin-tx-78730--2314198394
160,/c/tx/austin/griffis-parmer-lane-10101-w-parmer-ln-austin-tx-78717--2110340534
161,/c/tx/austin/4013-menchaca-4013-manchaca-rd-austin-tx-78704--2072097658
162,/c/tx/austin/ascent-north-12001-dessau-rd-austin-tx-78754--2072283847
163,/c/tx/austin/marquis-lakeline-station-13730-ranch-road-620-austin-tx-78717--2486898398
164,/c/tx/austin/ventana-oaks-luxury-apartment-homes-9301-spectrum-dr-austin-tx-78717--2072107346
165,/c/tx/austin/eastside-station-1700-e-4th-st-austin-tx-78702--2110330556
166,/c/tx/austin/northstar-apartments-12001-metric-blvd-austin-tx-78758--2072300087
167,/c/tx/austin/pressler-apartments-507-pressler-st-austin-tx-78703--2072088622
168,/c/tx/pflugerville/the-vineyard-14199-n-interstate-highway-35-pflugerville-tx-78660--2453185318
169,/c/tx/austin/the-quarters-grayson-house-714-w-22nd-st-austin-tx-78705--1001505915
170,/c/tx/austin/volume-2604-manor-rd-austin-tx-78722--2072112603
171,/c/tx/austin/urban-north-8101-san-felipe-blvd-austin-tx-78729--2282547868
172,/c/tx/austin/san-marin-3625-duval-rd-austin-tx-78759--2072308845
173,/c/tx/austin/the-sidney-4605-avenue-a-austin-tx-78751--1002137837
174,/c/tx/austin/bell-four-points-11210-fm-2222-rd-austin-tx-78726--2404382140
175,/c/tx/austin/tambaleo-apartments-2207-s-5th-st-austin-tx-78704--2110336012
176,/c/tx/austin/griffis-southpark-8515-s-interstate-highway-35-frontage-rd-austin-tx-78745--2173936310
177,/c/tx/austin/post-west-austin-4330-bull-creek-rd-austin-tx-78731--2072152592
178,/c/tx/austin/the-lola-1221-s-congress-ave-austin-tx-78704--2110334970
179,/c/tx/austin/ovation-apartments-2425-e-riverside-dr-austin-tx-78741--2110346670
180,/c/tx/austin/the-artisan-luxury-apartment-homes-8701-w-parmer-ln-austin-tx-78729--2110342940
181,/c/tx/cedar-park/bexley-at-lakeline-2801-s-lakeline-blvd-cedar-park-tx-78613--1999997772
182,/c/tx/austin/verde-apartments-2310-wickersham-ln-austin-tx-78741--2072200735
183,/c/tx/austin/marquis-at-barton-trails-ii-5501-s-mo-pac-expy-austin-tx-78749--2110351364
184,/c/tx/austin/avana-4525-guadalupe-st-austin-tx-78751--1122801393
185,/c/tx/austin/skyline-at-barton-creek-1300-spyglass-dr-austin-tx-78746--2072228300
186,/c/tx/austin/furnished-studio-austin-northwest-research-park-12424-research-blvd-austin-tx-78759--1002066494
187,/c/tx/austin/the-quarters-nueces-house-2300-nueces-st-austin-tx-78705--1001505980
188,/c/tx/austin/lantana-ridge-6636-w-william-cannon-dr-austin-tx-78735--2110345303
189,/c/tx/austin/highlands-hill-country-3014-w-william-cannon-dr-austin-tx-78745--2110348304
190,/c/tx/austin/emerson-1919-burton-dr-austin-tx-78741--2072199853
191,/c/tx/austin/charming-4-bedroom-in-east-austin-1311-e-m-franklin-ave-austin-tx-78721--2110340991
192,/c/tx/austin/knoll-8103-s-congress-ave-austin-tx-78745--2372309959
193,/c/tx/austin/landing-at-double-creek-11301-farrah-ln-austin-tx-78748--2171487322
194,/c/tx/austin/cypress-mckinney-falls-7000-ranch-rd-austin-tx-78745--2494521954
195,/c/tx/austin/the-rosedale-2211-w-north-loop-blvd-austin-tx-78756--2110357592
196,/c/tx/austin/avonmora-apartments-4501-e-riverside-dr-austin-tx-78741--2110346844
197,/c/tx/austin/hillside-villas-apartments-2207-wickersham-ln-austin-tx-78741--2072200465
198,/c/tx/austin/gables-west-avenue-300-west-ave-austin-tx-78701--2072075835
199,/c/tx/austin/griffis-lakeline-station-13425-ranch-road-620-n-austin-tx-78717--2110340583
200,/c/tx/austin/the-highlander-803-tirado-st-austin-tx-78752--2072275484
201,/c/tx/austin/mueller-square-5005-manor-rd-austin-tx-78723--2072118026
202,/c/tx/austin/stassney-woods-1800-e-stassney-ln-austin-tx-78744--2000010564
203,/c/tx/austin/the-davis-soco-apartments-3809-s-congress-ave-austin-tx-78704--2110337185
204,/c/tx/austin/skyhouse-austin-51-rainey-st-austin-tx-78701--2072076836
205,/c/tx/austin/agave-at-south-congress-625-e-stassney-ln-austin-tx-78745--2110349314
206,/c/tx/austin/nexus-east-720-airport-blvd-austin-tx-78702--2072082569
207,/c/tx/austin/park-at-estancia-820-camino-vaquero-pkwy-austin-tx-78748--2398190501
208,/c/tx/austin/camden-gaines-ranch-4424-gaines-ranch-loop-austin-tx-78735--2123381445
209,/c/tx/austin/ridgeview-8600-brodie-ln-austin-tx-78745--2072226995
210,/c/tx/austin/vanderbilt-condominiums-912-w-22nd-st-austin-tx-78705--2110340398
211,/c/tx/austin/urbana-at-goodnight-ranch-9005-alderman-dr-austin-tx-78747--2370968348
212,/c/tx/austin/the-beverly-at-medical-center-901-red-river-st-austin-tx-78701--2072077918
213,/c/tx/austin/alister-balcones-12215-hunters-chase-dr-austin-tx-78729--2072141608
214,/c/tx/austin/mueller-flats-apartments-1071-clayton-ln-austin-tx-78723--2072113721
215,/c/tx/austin/summer-grove-7905-san-felipe-blvd-austin-tx-78729--2072145611
216,/c/tx/austin/terrace-cove-6201-sneed-cv-austin-tx-78744--2072210506
217,/c/tx/austin/camden-shadow-brook-811-w-slaughter-ln-austin-tx-78748--2110351101
218,/c/tx/austin/dalewood-townhomes-9601-dalewood-dr-austin-tx-78729--1123846924
219,/c/tx/austin/iron-rock-ranch-1215-w-slaughter-ln-austin-tx-78748--2110350822
220,/c/tx/austin/7east-2025-e-7th-st-austin-tx-78702--1999997872
221,/c/tx/austin/nalle-woods-of-westlake-4700-n-capital-of-texas-hwy-austin-tx-78746--2364554809
222,/c/tx/austin/madison-at-scofield-farms-13401-metric-blvd-austin-tx-78727--2072134167
223,/c/tx/austin/ashton-austin-101-colorado-st-austin-tx-78701--2072074523
224,/c/tx/austin/indigo-10800-lakeline-blvd-austin-tx-78717--2072102428
225,/c/tx/austin/lenox-ridge-3001-scofield-ridge-pkwy-austin-tx-78727--2072135727
226,/c/tx/austin/aspire-north-austin-13130-pond-springs-rd-austin-tx-78729--2359222346
227,/c/tx/austin/trio-2317-s-pleasant-valley-rd-austin-tx-78741--2110346644
228,/c/tx/austin/highline-13201-legendary-dr-austin-tx-78727--1043925570
229,/c/tx/austin/bell-south-lamar-2717-s-lamar-blvd-austin-tx-78704--2110336497
230,/c/tx/austin/marquis-at-caprock-canyon-4411-spicewood-springs-rd-austin-tx-78731--2184588411
231,/c/tx/austin/aura-riverside-6107-e-riverside-dr-austin-tx-78741--2370690812
232,/c/tx/austin/west-koenig-flats-5608-avenue-f-austin-tx-78751--1999997878
233,/c/tx/austin/indie-1630-e-6th-st-austin-tx-78702--2347223336
234,/c/tx/austin/landing-designer-furnished-flexible-leases-prime-locations-in-austin-600-congress-ave-austin-tx-78701--2072077132
235,/c/tx/austin/mosaic-at-mueller-4600-mueller-blvd-austin-tx-78723--2072117440
236,/c/tx/austin/sona-7900-san-felipe-blvd-austin-tx-78729--2072145585
237,/c/tx/austin/the-morgan-1801-wells-branch-pkwy-austin-tx-78728--2410580329
238,/c/tx/austin/the-standard-at-domain-northside-11711-domain-dr-austin-tx-78758--1151016805
239,/c/tx/austin/the-bridge-at-center-ridge-701-center-ridge-dr-austin-tx-78753--2072280648
240,/c/tx/austin/the-reserve-at-walnut-creek-8038-exchange-dr-austin-tx-78754--2072286882
241,/c/tx/austin/thornton-flats-2501-thornton-rd-austin-tx-78704--2185930610
242,/c/tx/austin/gables-park-plaza-115-sandra-muraida-way-austin-tx-78703--2072083321
243,/c/tx/austin/waterloo-flats-1300-s-pleasant-valley-rd-austin-tx-78741--2110346342
244,/c/tx/austin/bexley-3five-8003-s-interstate-highway-35-austin-tx-78745--2415623912
245,/c/tx/austin/lakeline-crossing-13010-ridgeline-blvd-austin-tx-78750--2314180597
246,/c/tx/austin/lenox-boardwalk-2515-elmont-dr-austin-tx-78741--2315722788
247,/c/tx/austin/furnished-studio-austin-downtown-town-lake-507-s-1st-st-austin-tx-78704--1002225183
248,/c/tx/austin/overture-mueller-55-apartment-homes-4818-berkman-dr-austin-tx-78723--2196755862
249,/c/tx/austin/residences-at-the-domain-11400-domain-dr-austin-tx-78758--2072298935
250,/c/tx/austin/platform-2823-e-martin-luther-king-blvd-austin-tx-78702--2393054284
251,/c/tx/austin/elan-parkside-609-clayton-ln-austin-tx-78752--2315722647
252,/c/tx/austin/mesa-verde-3201-duval-rd-austin-tx-78759--2072308581
253,/c/tx/austin/cliffs-at-barton-creek-3050-tamarron-blvd-austin-tx-78746--2072231736
254,/c/tx/austin/amli-on-2nd-421-w-3rd-st-austin-tx-78701--2110329044
255,/c/tx/austin/flatiron-domain-10727-domain-dr-austin-tx-78758--2287346490
256,/c/tx/austin/post-park-mesa-5811-mesa-dr-austin-tx-78731--2072154759
257,/c/tx/austin/midtown-commons-810-w-saint-johns-ave-austin-tx-78752--2110354498
258,/c/tx/austin/post-south-lamar-1500-s-lamar-blvd-austin-tx-78704--2110335413
259,/c/tx/austin/parmer-place-12101-dessau-rd-austin-tx-78754--2072283908
260,/c/tx/austin/overture-arboretum-60-apartment-homes-10600-jollyville-rd-austin-tx-78759--2072305671
261,/c/tx/austin/amli-5350-5350-burnet-rd-austin-tx-78756--2072288930
262,/c/tx/austin/everleigh-lakeline-60-active-adult-apartment-homes-9821-n-lake-creek-pkwy-austin-tx-78717--2373872436
263,/c/tx/austin/sur512-5010-s-congress-ave-austin-tx-78745--1999997699
264,/c/tx/austin/the-bowie-311-bowie-st-austin-tx-78703--2072087626
265,/c/tx/austin/eleven-by-windsor-811-e-11th-st-austin-tx-78702--2171358617
266,/c/tx/austin/gables-park-tower-111-sandra-muraida-way-austin-tx-78703--2072083307
267,/c/tx/austin/3500-westlake-3500-n-capital-of-texas-hwy-austin-tx-78746--2110349853
268,/c/tx/austin/lamar-union-1100-s-lamar-blvd-austin-tx-78704--2110334704
269,/c/tx/austin/madison-at-wells-branch-3201-century-park-blvd-austin-tx-78727--2072135730
270,/c/tx/austin/korina-at-the-grove-4424-jackson-ave-austin-tx-78731--2462150259
271,/c/tx/austin/the-bridge-at-tech-ridge-12800-center-lake-dr-austin-tx-78753--2120864735
272,/c/tx/austin/amli-eastside-1000-san-marcos-st-austin-tx-78702--2072078259
273,/c/tx/austin/the-oaks-2901-swisher-st-austin-tx-78705--1001505961
274,/c/tx/austin/windsor-on-the-lake-43-rainey-st-austin-tx-78701--2072076580
275,/c/tx/austin/edison-4711-e-riverside-dr-austin-tx-78741--2180980255
276,/c/tx/austin/imt-at-the-domain-3001-esperanza-xing-austin-tx-78758--2072302972
277,/c/tx/austin/the-monarch-by-windsor-801-w-5th-st-austin-tx-78703--2388086152
278,/c/tx/austin/trailhead-1120-shady-ln-austin-tx-78721--2459762808
279,/c/tx/austin/yaupon-7870-w-us-highway-290-austin-tx-78736--2492454986
280,/c/tx/austin/rhythm-9701-spectrum-dr-austin-tx-78717--2372199180
281,/c/tx/austin/mansions-at-onion-creek-12000-interstate-highway-35-frontage-rd-austin-tx-78745--2487504834
282,/c/tx/austin/the-weaver-1401-art-dilly-dr-austin-tx-78702--2474872766
283,/c/tx/austin/view-at-belterra-168-belterra-village-way-austin-tx-78737--2502444552
284,/c/tx/austin/camden-cedar-hills-4100-w-slaughter-ln-austin-tx-78749--2110351237
285,/c/tx/austin/travis-at-the-lake-2208-n-fm-620-rd-austin-tx-78717--2411833290
286,/c/tx/austin/the-estate-on-quarry-lake-apartments-4600-seton-center-pkwy-austin-tx-78759--2072310150
287,/c/tx/austin/1901-mariposa-drive-1901-mariposa-dr-austin-tx-78741--2072199701
288,/c/tx/austin/somerset-townhomes-6800-austin-center-blvd-austin-tx-78731--2072156026
289,/c/tx/austin/vue-7607-blessing-ave-austin-tx-78752--2072275291
290,/c/tx/austin/gables-republic-square-401-guadalupe-st-austin-tx-78701--2000037426
291,/c/tx/cedar-park/caliza-12638-ridgeline-blvd-cedar-park-tx-78613--2362190159
292,/c/tx/austin/the-village-at-gracy-farms-2600-gracy-farms-ln-austin-tx-78758--1144377705
293,/c/tx/austin/broadstone-crossing-12430-metric-blvd-austin-tx-78758--2072301111
294,/c/tx/austin/westerly-360-2500-walsh-tarlton-ln-austin-tx-78746--2287492144
295,/c/tx/austin/aura-thirty2-3233-harmon-ave-austin-tx-78705--2464782613
296,/c/tx/austin/crestview-commons-801-sugaree-ave-austin-tx-78757--2347223253
297,/c/tx/austin/the-monroe-2509-montopolis-dr-austin-tx-78741--2072201260
298,/c/tx/austin/amli-downtown-201-lavaca-st-austin-tx-78701--2072075550
299,/c/tx/austin/terrain-5112-s-1st-st-austin-tx-78745--2110349028
300,/c/tx/austin/tree-3715-s-1st-st-austin-tx-78704--2110337137
301,/c/tx/austin/oxford-at-tech-ridge-305-e-yager-ln-austin-tx-78753--2110355934
302,/c/tx/austin/casa-39-301-w-39th-st-austin-tx-78751--1004201655
303,/c/tx/austin/treehouse-2501-wickersham-ln-austin-tx-78741--2072201210
304,/c/tx/austin/folio-11915-stonehollow-dr-austin-tx-78758--2072299952
305,/c/tx/austin/8615-rockwood-lane-8615-rockwood-ln-austin-tx-78757--2072296798
306,/c/tx/austin/broadstone-riverside-1900-airport-commerce-dr-austin-tx-78741--2359140797
307,/c/tx/austin/redbud-bungalows-1430-redbud-trl-austin-tx-78746--1045706731
308,/c/tx/austin/ellie-apartments-2900-sunridge-dr-austin-tx-78741--2072201547
309,/c/tx/austin/groves-south-lamar-3607-s-lamar-blvd-austin-tx-78704--2110337060
310,/c/tx/pflugerville/wells-junction-15001-strathaven-pass-pflugerville-tx-78660--2360964281
311,/c/tx/austin/the-verandah-at-grandview-hills-8600-n-fm-620-austin-tx-78726--1139700341
312,/c/tx/austin/bexley-at-tech-ridge-1200-e-parmer-ln-austin-tx-78753--1051736206
313,/c/tx/austin/citadel-at-tech-ridge-1127-pearl-retreat-ln-austin-tx-78753--2372112441
314,/c/tx/austin/townhomes-at-sendera-trails-6280-mcneil-dr-austin-tx-78729--2072144666
315,/c/tx/austin/marquis-at-ladera-vista-11624-jollyville-rd-austin-tx-78759--2072307590
316,/c/tx/austin/griffis-at-riata-5705-diehl-trl-austin-tx-78727--2286821337
317,/c/tx/austin/residences-at-the-triangle-4600-w-guadalupe-st-austin-tx-78751--2110352829
318,/c/tx/austin/the-elizabeth-at-presidio-13500-lyndhurst-st-austin-tx-78717--2359188739
319,/c/tx/austin/addison-at-kramer-station-2601-esperanza-xing-austin-tx-78758--2072302939
320,/c/tx/austin/south-shore-district-1333-shore-district-dr-austin-tx-78741--2072198038
321,/c/tx/austin/flora-5406-middle-fiskville-rd-austin-tx-78751--2072272717
322,/c/tx/austin/the-terrace-at-walnut-creek-8712-old-manor-rd-austin-tx-78724--2313725138
323,/c/tx/austin/windsor-burnet-10301-burnet-rd-austin-tx-78758--2072297598
324,/c/tx/austin/coldwater-1717-toomey-rd-austin-tx-78704--2072092231
325,/c/tx/austin/422-at-the-lake-422-w-riverside-dr-austin-tx-78704--1999998924
326,/c/tx/austin/post-barton-creek-2001-s-mo-pac-expy-austin-tx-78746--2288856274
327,/c/tx/austin/the-kenzie-at-the-domain-3201-esperanza-xing-austin-tx-78758--2072303074
328,/c/tx/austin/the-ranch-apartments-9400-w-parmer-ln-austin-tx-78717--2110340862
329,/c/tx/austin/elan-east-2900-manor-rd-austin-tx-78722--2072112692
330,/c/tx/austin/fivetwo-at-highland-110-jacob-fontaine-ln-austin-tx-78752--2371242047
331,/c/tx/austin/the-guthrie-3218-gonzales-st-austin-tx-78702--2360286605
332,/c/tx/austin/the-richardson-at-tarrytown-3215-exposition-blvd-austin-tx-78703--2229414957
333,/c/tx/austin/ledgestone-senior-living-13152-four-star-blvd-austin-tx-78737--2398277239
334,/c/tx/austin/century-plaza-4210-red-river-st-austin-tx-78751--2072271253
335,/c/tx/austin/the-tuscany-apartments-1301-w-lynn-st-austin-tx-78703--2110333310
336,/c/tx/pflugerville/legacy-ranch-at-dessau-east-13527-harrisglenn-dr-pflugerville-tx-78660--2435797900
337,/c/tx/austin/vip-101-e-33rd-st-austin-tx-78705--2110338557
338,/c/tx/austin/dobie-twenty21-2021-guadalupe-st-austin-tx-78705--2000015338
339,/c/tx/austin/longhorn-at-25th-1008-w-25th-1-2-st-austin-tx-78705--1001673418
340,/c/tx/austin/fashionaire-1405-w-north-loop-blvd-austin-tx-78756--1045486952
341,/c/tx/austin/velo-flats-2606-wheless-ln-austin-tx-78723--2072116100
342,/c/tx/austin/the-parker-at-soco-412-w-alpine-rd-austin-tx-78704--2110337356
343,/c/tx/austin/delwood-station-apartments-1320-e-38th-1-2-st-austin-tx-78722--2357431385
344,/c/tx/austin/montecito-apartments-3111-parker-ln-austin-tx-78741--2072201740
345,/c/tx/austin/logans-mill-1912-e-william-cannon-dr-austin-tx-78744--2110347395
346,/c/tx/austin/ranchstone-garden-homes-11600-argonne-forest-trl-austin-tx-78759--1045096316
347,/p/tx/austin/2903-burning-oak-dr-a-austin-tx-78704--2408738357
348,/p/tx/del-valle/9601-bear-paw-trl-del-valle-tx-78617--1050341200
349,/p/tx/austin/107-304-w-40th-st-107-austin-tx-78756--2505064652
350,/p/tx/austin/4511-lucksinger-ln-20-austin-tx-78745--2072219026
351,/p/tx/austin/1605-pease-rd-5-austin-tx-78703--2239994901
352,/p/tx/austin/2408-longview-st-105-austin-tx-78705--2072099425
353,/p/tx/austin/1709-newfield-ln-austin-tx-78703--2072084684
354,/p/tx/austin/5213-joe-sayers-ave-4-austin-tx-78756--2348984446
355,/p/tx/pflugerville/15001-donna-jane-loop-pflugerville-tx-78660--2071989247
356,/p/tx/austin/2000-griswold-ln-austin-tx-78703--2505081449
357,/p/tx/austin/1009-walter-st-austin-tx-78702--2072078417
358,/p/tx/austin/602-e-53rd-st-137-austin-tx-78751--2505166278
359,/p/tx/austin/7011-saint-johns-cir-austin-tx-78757--2072294793
360,/p/tx/austin/3707-cedar-st-106-austin-tx-78705--2212845192
361,/p/tx/austin/504-swanee-dr-208-austin-tx-78752--2171864592
362,/p/tx/austin/2520-quarry-rd-301-austin-tx-78703--2072086370
363,/p/tx/austin/1800-lavaca-st-a-509-austin-tx-78701--2121571688
364,/p/tx/austin/1206-e-2nd-st-austin-tx-78702--2110330021
365,/p/tx/austin/1706-poquito-st-2-austin-tx-78702--2394518004
366,/p/tx/austin/4503-elwood-rd-austin-tx-78722--1136013479
367,/p/tx/austin/1412-hartford-rd-a-austin-tx-78703--2501299438
368,/p/tx/austin/211-w-annie-st-206-austin-tx-78704--2504784413
369,/p/tx/austin/3206-mossrock-dr-103-austin-tx-78757--2209588057
370,/p/tx/austin/8205-stillwood-ln-austin-tx-78757--1123638896
371,/p/tx/austin/5806-cherry-park-austin-tx-78745--1003083734
372,/p/tx/austin/address-not-disclosed-austin-tx-78704--2433213263
373,/p/tx/austin/908-banyon-st-austin-tx-78757--1150431261
374,/p/tx/austin/303-w-40th-st-107-austin-tx-78751--2488464919
375,/p/tx/austin/5124-ganymede-dr-austin-tx-78727--1012537811
376,/p/tx/austin/11912-arran-st-austin-tx-78754--2287496336
377,/p/tx/austin/6804-lexington-rd-austin-tx-78757--1001890046
378,/p/tx/austin/1300-w-24th-st-111-austin-tx-78705--2501381643
379,/p/tx/austin/5317-william-holland-ave-211-austin-tx-78756--2505163514
380,/p/tx/austin/701-w-11th-st-b-austin-tx-78701--2394373122
381,/p/tx/austin/505-w-7th-st-120-austin-tx-78701--2110329192
382,/p/tx/austin/2000-whitis-ave-306-austin-tx-78705--2072099026
383,/p/tx/austin/5224-hutchinson-dr-austin-tx-78723--2072118340
384,/p/tx/austin/4328-airport-blvd-a-austin-tx-78722--2175986130
385,/p/tx/austin/4803-pecan-springs-rd-a-austin-tx-78723--2072117767
386,/p/tx/austin/2136-cervin-blvd-austin-tx-78728--2072140211
387,/p/tx/austin/506-1-2-w-7th-st-c-austin-tx-78701--2313740366
388,/p/tx/austin/506-1-2-w-7th-st-a-austin-tx-78701--2183418268
389,/p/tx/austin/2314-parker-ln-12-austin-tx-78741--2427054561
390,/p/tx/austin/1510-w-north-loop-blvd-1034-austin-tx-78756--2110357402
391,/p/tx/austin/6710-hart-ln-b-austin-tx-78731--2427061260
392,/p/tx/austin/912-e-village-ln-austin-tx-78758--1123778649
393,/p/tx/austin/3114-e-13th-st-austin-tx-78702--2110332631
394,/p/tx/west-lake-hills/3620-doe-trl-b-2-west-lake-hills-tx-78746--2072232832
395,/p/tx/austin/6502-s-1st-st-102-austin-tx-78745--2498210567
396,/p/tx/austin/910-duncan-ln-53-austin-tx-78705--2072101743
397,/p/tx/austin/2401-manor-rd-austin-tx-78722--2072112555
398,/p/tx/austin/806-w-24th-st-110-austin-tx-78705--2110340039
399,/p/tx/austin/2320-gracy-farms-ln-1411-austin-tx-78758--2072302776
400,/p/tx/austin/1815-gracy-farms-ln-a-austin-tx-78758--2478077781
401,/p/tx/austin/1207-begonia-ter-austin-tx-78741--2072197893
402,/p/tx/austin/4204-hudson-bend-rd-b-austin-tx-78734--2123285889
403,/p/tx/austin/2412-richcreek-rd-106-austin-tx-78757--2406485643
404,/p/tx/austin/1101-shoal-creek-blvd-12-austin-tx-78701--2072074578
405,/p/tx/austin/707-springdale-rd-austin-tx-78702--1013243762
406,/p/tx/austin/address-not-disclosed-austin-tx-78704--2288877714
407,/p/tx/austin/9801-hundred-oaks-cir-b-austin-tx-78750--2427066822
408,/p/tx/austin/2711-saint-edwards-cir-2-austin-tx-78704--2427069719
409,/p/tx/austin/6707-skynook-dr-a-austin-tx-78745--2229397189
410,/p/tx/austin/2423-s-5th-st-austin-tx-78704--1031685175
411,/p/tx/austin/10617-menominee-falls-ln-austin-tx-78754--2357106908
412,/p/tx/austin/2020-s-congress-ave-1203-austin-tx-78704--2110335787
413,/p/tx/austin/3316-guadalupe-st-214-austin-tx-78705--2072101179
414,/p/tx/austin/1912-canterbury-st-austin-tx-78702--1005393504
415,/p/tx/austin/715-w-22nd-1-2-st-304-austin-tx-78705--2110339953
416,/p/tx/austin/4605-chartwell-dr-austin-tx-78723--2072117463
417,/p/tx/austin/7505-s-glenn-st-austin-tx-78744--1123509061
418,/p/tx/austin/2003-glen-allen-st-104-austin-tx-78704--2344561283
419,/p/tx/austin/2413-leon-st-101-austin-tx-78705--2072099483
420,/p/tx/austin/1900-w-loop-b-austin-tx-78758--2504419387
421,/p/tx/austin/4204-speedway-105-austin-tx-78751--2180740615
422,/p/tx/austin/7701-rialto-blvd-837-austin-tx-78735--2072176488
423,/p/tx/austin/1619-glenvalley-dr-austin-tx-78723--2072114763
424,/p/tx/austin/1207-blair-way-austin-tx-78704--1120722666
425,/p/tx/austin/9747-anderson-village-dr-austin-tx-78729--2072147499
426,/p/tx/austin/3202-whites-dr-austin-tx-78735--2072173333
427,/p/tx/austin/3119-tom-green-st-5-austin-tx-78705--2172761009
428,/p/tx/austin/2505-san-gabriel-st-606-austin-tx-78705--2072099645
429,/p/tx/austin/301-genard-st-austin-tx-78751--2072270678
430,/p/tx/austin/1420-biscuit-dr-austin-tx-78754--1042412971
431,/p/tx/austin/8906-creekmont-cv-austin-tx-78748--2072251466
432,/p/tx/austin/1500-brandt-dr-austin-tx-78742--2072203438
433,/p/tx/austin/2504-tracy-trl-austin-tx-78728--2072140642
434,/p/tx/austin/14230-anita-marie-ln-austin-tx-78728--1120987877
435,/p/tx/austin/2320-gracy-farms-ln-1311-austin-tx-78758--2072302760
436,/p/tx/austin/7900-scotland-yard-austin-tx-78759--2197160782
437,/p/tx/austin/2408-leon-st-111-austin-tx-78705--2172887817
438,/p/tx/austin/501-w-26th-st-318-austin-tx-78705--2110339483
439,/p/tx/austin/2905-swisher-st-austin-tx-78705--1006543982
440,/p/tx/austin/5728-southerner-way-austin-tx-78747--2352818169
441,/p/tx/austin/11108-pack-wagon-trl-austin-tx-78754--2350033864
442,/p/tx/austin/902-valley-view-dr-austin-tx-78733--2072163783
443,/p/tx/austin/103-2302-ohlen-rd-103-austin-tx-78758--2505210042
444,/p/tx/austin/6701-deatonhill-dr-b-austin-tx-78745--2427057687
445,/p/tx/austin/9412-jenaro-ct-austin-tx-78726--1004210810
446,/p/tx/austin/1401-newton-st-austin-tx-78704--2072090642
447,/p/tx/austin/2500-burleson-rd-309-austin-tx-78741--2072201092
448,/p/tx/austin/500-e-riverside-dr-k259-austin-tx-78704--2426155304
449,/p/tx/austin/612-park-pl-305-austin-tx-78705--2072101564
450,/p/tx/austin/610-cliff-dr-austin-tx-78704--1123201399
451,/p/tx/austin/2514-canterbury-st-austin-tx-78702--2072081374
452,/p/tx/austin/5409-stuart-cir-austin-tx-78721--2072111452
453,/p/tx/austin/2111-chestnut-ave-austin-tx-78722--2072112431
454,/p/tx/austin/5311-s-pleasant-valley-rd-c-austin-tx-78744--2345903459
455,/p/tx/austin/601-nelray-blvd-3-austin-tx-78751--2072272889
456,/p/tx/austin/2811-rio-grande-st-austin-tx-78705--1004182315
457,/p/tx/austin/1601-miriam-ave-207-austin-tx-78702--2175528316
458,/p/tx/austin/5207-evans-ave-austin-tx-78751--1029473689
459,/p/tx/austin/2104-singletree-ave-austin-tx-78727--2072135315
460,/p/tx/austin/7303-oak-meadow-dr-a-austin-tx-78736--2171766970
461,/p/tx/austin/3001-cedar-st-310-austin-tx-78705--2313511086
462,/p/tx/austin/3409-blazeby-dr-austin-tx-78754--2372326714
463,/p/tx/austin/12615-dringenberg-dr-austin-tx-78729--2072142204
464,/p/tx/austin/11904-swan-dr-austin-tx-78750--1004300781
465,/p/tx/austin/13112-broughton-way-austin-tx-78727--2072133879
466,/p/tx/austin/13204-marrero-dr-austin-tx-78729--2072143508
467,/p/tx/austin/3000-sussex-gardens-ln-austin-tx-78748--2072248166
468,/p/tx/austin/4721-red-river-st-austin-tx-78751--2072272112
469,/p/tx/austin/1309-warrington-dr-austin-tx-78753--2072279511
470,/p/tx/austin/13502-ringold-cv-austin-tx-78717--2495543517
471,/p/tx/austin/2312-w-7th-st-austin-tx-78703--1020029671
472,/p/tx/austin/5214-joe-sayers-ave-1-austin-tx-78756--2072288783
473,/p/tx/austin/7715-stephany-taylor-dr-austin-tx-78745--2072225594
474,/p/tx/austin/6408-tara-dr-austin-tx-78747--2072238751
475,/p/tx/austin/9502-roxanna-dr-austin-tx-78748--1006554869
476,/p/tx/austin/11218-windermere-mdws-austin-tx-78759--1120603475
477,/p/tx/austin/8001-finch-trl-austin-tx-78745--1123579874
478,/p/tx/austin/8010-elkhorn-mountain-trl-austin-tx-78729--2072145785
479,/p/tx/austin/9104-frostwood-trl-austin-tx-78729--2072146888
480,/p/tx/austin/2124-burton-dr-105-austin-tx-78741--2072200297
481,/p/tx/austin/404-e-35th-st-b-austin-tx-78705--2180622578
482,/p/tx/austin/2401-e-6th-st-3044-austin-tx-78702--2122242496
483,/p/tx/austin/12317-maypole-bnd-austin-tx-78717--2424654610
484,/p/tx/austin/4714-greenridge-ter-austin-tx-78745--2072219609
485,/p/tx/austin/5008-duval-st-austin-tx-78751--2072272339
486,/p/tx/austin/2913-grimes-ranch-rd-austin-tx-78732--1013889919
487,/p/tx/austin/3904-fort-collins-way-austin-tx-78744--2504514755
488,/p/tx/austin/6631-greensboro-dr-austin-tx-78723--2072120056
489,/p/tx/austin/603-davis-st-806-austin-tx-78701--2072077311
490,/p/tx/austin/7685-northcross-dr-921-austin-tx-78757--2124416436
491,/p/tx/austin/1840-burton-dr-176-austin-tx-78741--2072199533
492,/p/tx/austin/4002-wrightwood-rd-austin-tx-78722--2072113483
493,/p/tx/austin/3418-willowrun-dr-3-austin-tx-78704--2315923227
494,/p/tx/austin/8417-yokohama-ter-austin-tx-78744--2501514893
495,/p/tx/austin/2717-halcyon-dr-austin-tx-78702--2187731849
496,/p/tx/austin/3420-willow-st-2-austin-tx-78702--2505028672
497,/p/tx/austin/3816-speedway-210-austin-tx-78751--2495676363
498,/p/tx/austin/4504-speedway-107-austin-tx-78751--2180895496
499,/p/tx/austin/12166-metric-blvd-141-austin-tx-78758--2072300426
500,/p/tx/austin/6905-woodhue-dr-b-austin-tx-78745--2183535388
501,/p/tx/austin/4307-zuni-dr-austin-tx-78759--2072309917
502,/p/tx/austin/8705-puckett-ct-austin-tx-78749--2072261827
503,/p/tx/austin/12800-chromite-st-a-austin-tx-78728--2464634417
504,/p/tx/austin/6204-garden-rose-path-austin-tx-78754--2287496108
505,/p/tx/austin/4901-manchester-cir-austin-tx-78745--2072219800
506,/p/tx/austin/12405-deer-falls-dr-b-austin-tx-78729--2177810579
507,/p/tx/austin/609-e-43rd-st-b-austin-tx-78751--2173006269
508,/p/tx/austin/2707-townes-ln-1-austin-tx-78703--2370614056
509,/p/tx/austin/2126-philomena-st-austin-tx-78723--2072115667
510,/p/tx/austin/7211-providence-ave-b-1-austin-tx-78752--2287495906
511,/p/tx/austin/4159-steck-ave-192-austin-tx-78759--2072309638
512,/p/tx/austin/706-w-22nd-st-101-austin-tx-78705--2110339740
513,/p/tx/austin/2802-nueces-st-205-austin-tx-78705--2072100061
514,/p/tx/austin/1300-w-24th-st-202-austin-tx-78705--2500057242
515,/p/tx/austin/706-w-22nd-st-104-austin-tx-78705--2110339743
516,/p/tx/austin/1100-blair-way-austin-tx-78704--2072089380
517,/p/tx/austin/10504-little-pebble-dr-austin-tx-78758--2072297772
518,/p/tx/austin/address-not-disclosed-austin-tx-78704--1050322232
519,/p/tx/austin/4111-speedway-3-austin-tx-78751--2072271138
520,/p/tx/austin/1011-w-23rd-st-104-austin-tx-78705--2287492410
521,/p/tx/austin/11504-gaelic-dr-austin-tx-78754--2072283406
522,/p/tx/austin/2304-trailside-dr-a-austin-tx-78704--2238906561
523,/p/tx/austin/13013-brahmin-dr-austin-tx-78724--2484686029
524,/p/tx/austin/10716-sunday-dr-austin-tx-78747--2472050724
525,/p/tx/austin/2918-rr-620-n-134-austin-tx-78734--2505068119
526,/p/tx/austin/6714-poncha-pass-austin-tx-78749--1123333818
527,/p/tx/austin/1908-san-antonio-st-206-austin-tx-78705--2072098922
528,/p/tx/austin/9802-brasher-dr-b-austin-tx-78748--2427058269
529,/p/tx/austin/915-w-23rd-st-104-austin-tx-78705--2110340482
530,/p/tx/austin/address-not-disclosed-austin-tx-78759--2352661772
531,/p/tx/austin/16510-denise-dr-austin-tx-78717--2072105769
532,/p/tx/austin/15509-ozone-pl-austin-tx-78728--2072139033
533,/p/tx/austin/5007-avenue-f-a-austin-tx-78751--2171764698
534,/p/tx/austin/1405-camp-craft-rd-c-austin-tx-78746--2402423597
535,/p/tx/austin/1601-faro-dr-2001-austin-tx-78741--2072198538
536,/p/tx/austin/718-decker-prairie-dr-austin-tx-78748--2072250006
537,/p/tx/austin/10509-s-canoa-hills-trl-austin-tx-78717--1120471221
538,/p/tx/austin/2407-allred-dr-a-austin-tx-78748--2179396115
539,/p/tx/austin/4801-s-congress-ave-n2-austin-tx-78745--2110348888
540,/p/tx/austin/1903-e-17th-st-b-austin-tx-78702--2287494506
541,/p/tx/austin/4605-lambs-ln-austin-tx-78744--2072206942
542,/p/tx/austin/10213-copper-ridge-cv-austin-tx-78747--1002552299
543,/p/tx/austin/12806-modena-trl-austin-tx-78729--2072142449
544,/p/tx/austin/1609-catalan-rd-1802-austin-tx-78748--2435809611
545,/p/tx/austin/10833-worn-sole-dr-austin-tx-78754--1120517470
546,/p/tx/austin/2404-burly-oak-dr-austin-tx-78745--2072215750
547,/p/tx/austin/6802-luckenbach-ln-austin-tx-78729--1010671721
548,/p/tx/austin/617-w-lynn-st-austin-tx-78703--2110334283
549,/p/tx/austin/10403-hatton-ln-austin-tx-78754--2372309135
550,/p/tx/austin/1300-newning-ave-103-austin-tx-78704--2172698944
551,/p/tx/austin/5005-table-top-trl-a-austin-tx-78744--2504708651
552,/p/tx/austin/1811-woodland-ave-austin-tx-78741--2072199372
553,/p/tx/austin/6904-rifle-bnd-b-austin-tx-78736--2181835683
554,/p/tx/austin/5038-lansing-dr-austin-tx-78745--2072220239
555,/p/tx/austin/1315-comal-st-austin-tx-78702--1143936587
556,/p/tx/austin/6910-hart-ln-411-austin-tx-78731--2072156282
557,/p/tx/austin/3111-grooms-st-a-austin-tx-78705--2315675608
558,/p/tx/austin/2105-rabb-rd-austin-tx-78704--2072093604
559,/p/tx/austin/5712-kara-dr-austin-tx-78744--2362626734
560,/p/tx/austin/10908-gonzales-ranger-pass-austin-tx-78754--2424499460
561,/p/tx/austin/1600-barton-springs-rd-3405-austin-tx-78704--2072091413
562,/p/tx/austin/2312-enfield-rd-1-austin-tx-78703--2358992401
563,/p/tx/austin/1307-kirkwood-rd-b-austin-tx-78722--2196924997
564,/p/tx/austin/712-graham-pl-304-austin-tx-78705--2072101626
565,/p/tx/austin/3211-tom-green-st-austin-tx-78705--2072101035
566,/p/tx/austin/4607-bridlewood-dr-austin-tx-78727--2072136822
567,/p/tx/austin/12304-zeller-ln-austin-tx-78753--1004712544
568,/p/tx/austin/803-w-28th-st-102-austin-tx-78705--2110339989
569,/p/tx/austin/6617-valleyside-rd-austin-tx-78731--1012555129
570,/p/tx/austin/4704-sunset-trl-2302-austin-tx-78745--2504584822
571,/p/tx/austin/1201-grove-blvd-austin-tx-78741--1001670320
572,/p/tx/austin/1308-norwood-rd-austin-tx-78722--1120855391
573,/p/tx/austin/9324-muskberry-cv-austin-tx-78717--1123816073
574,/p/tx/austin/2815-rio-grande-st-austin-tx-78705--1002660079
575,/p/tx/austin/601-bellevue-pl-a-austin-tx-78705--2196995206
576,/p/tx/austin/12820-tomanet-trl-a-austin-tx-78727--2427069131
577,/p/tx/austin/13428-hymeadow-cir-austin-tx-78729--1120903851
578,/p/tx/austin/2529-rio-grande-st-25-austin-tx-78705--2229435300
579,/p/tx/austin/8301-racine-trl-austin-tx-78717--2072106691
580,/p/tx/del-valle/12416-hayseed-ct-del-valle-tx-78617--2505075495
581,/p/tx/austin/8001-brockman-st-a-austin-tx-78757--2182192436
582,/p/tx/austin/2529-rio-grande-st-15-austin-tx-78705--2179508719
583,/p/tx/austin/2632-century-park-blvd-59-austin-tx-78727--2072135686
584,/p/tx/austin/2512-canterbury-st-austin-tx-78702--2072081366
585,/p/tx/austin/1919-renegade-dr-austin-tx-78725--2362467915
586,/p/tx/austin/8106-cheno-cortina-trl-austin-tx-78749--1123614385
587,/p/tx/austin/1601-faro-dr-austin-tx-78741--1001819240
588,/p/tx/austin/1911-w-37th-st-austin-tx-78731--2110343117
589,/p/tx/austin/3815-duval-st-austin-tx-78751--2072270762
590,/p/tx/austin/6210-buffalo-pass-b-austin-tx-78745--2284048632
591,/p/tx/austin/4502-velasco-pl-austin-tx-78749--2072254963
592,/p/tx/austin/15004-custis-ln-austin-tx-78725--2373370730
593,/p/tx/austin/7901-southwest-pkwy-25-austin-tx-78735--2072176718
594,/p/tx/austin/7513-windrush-dr-austin-tx-78729--1013865683
595,/p/tx/austin/405-oertli-ln-austin-tx-78753--2072280419
596,/p/tx/austin/4605-sidereal-dr-austin-tx-78727--1013663681
597,/p/tx/austin/7207-silvermine-dr-austin-tx-78736--1016939388
598,/p/tx/austin/9712-anderson-village-dr-austin-tx-78729--2072147436
599,/p/tx/austin/4616-everest-ln-austin-tx-78727--2072136869
600,/p/tx/austin/6403-danvers-ct-austin-tx-78739--2072195927
601,/p/tx/lakeway/216-lido-st-k-1-lakeway-tx-78734--2072169269
602,/p/tx/austin/5301-delores-ave-a-austin-tx-78721--2123735257
603,/p/tx/austin/410-colonial-park-blvd-austin-tx-78745--2072218436
604,/p/tx/austin/11614-fast-horse-dr-austin-tx-78759--2072307528
605,/p/tx/austin/144-double-eagle-dr-144-austin-tx-78738--2072187633
606,/p/tx/austin/14516-banbridge-trl-austin-tx-78717--2072103772
607,/p/tx/austin/address-not-disclosed-austin-tx-78748--2072245542
608,/p/tx/austin/6603-robbie-creek-cv-austin-tx-78750--1009215580
609,/p/tx/austin/2308-la-casa-dr-a-austin-tx-78704--2172315082
610,/p/tx/austin/617-w-31st-st-a-austin-tx-78705--2324403495
611,/p/tx/austin/1506-thornridge-rd-austin-tx-78758--2072301760
612,/p/tx/austin/1200-mariposa-dr-1-austin-tx-78704--2196982687
613,/p/tx/austin/203-conservation-ln-austin-tx-78717--2465220203
614,/p/tx/austin/10905-roderick-lawson-ln-austin-tx-78754--2072282539
615,/p/tx/austin/12908-dionysus-dr-austin-tx-78753--1013185117
616,/p/tx/austin/9108-sommerland-way-austin-tx-78749--2072262420
617,/p/tx/austin/7217-blessing-ave-b-austin-tx-78752--2174365055
618,/p/tx/austin/2917-govalle-ave-a-austin-tx-78702--2122572626
619,/p/tx/austin/501-w-26th-st-319-austin-tx-78705--2110339484
620,/p/tx/austin/515-e-live-oak-st-a-austin-tx-78704--2229394043
621,/p/tx/austin/500-e-riverside-dr-254-austin-tx-78704--2110337517
622,/p/tx/austin/504-philco-dr-b-austin-tx-78745--2331641248
623,/p/tx/austin/4411-magin-meadow-dr-austin-tx-78744--1122767366
624,/p/tx/austin/5015-fort-clark-dr-austin-tx-78745--1004324188
625,/p/tx/austin/1903-new-york-ave-b-austin-tx-78702--2497235116
626,/p/tx/austin/3115-helms-st-208-austin-tx-78705--2072100793
627,/p/tx/austin/935-la-posada-dr-212-austin-tx-78752--2194240769
628,/p/tx/austin/289-village-oak-dr-austin-tx-78737--2420740160
629,/p/tx/austin/1003-e-45th-st-austin-tx-78751--1009886122
630,/p/tx/austin/1011-w-23rd-st-201-austin-tx-78705--2287492411
631,/p/tx/austin/1011-w-23rd-st-204-austin-tx-78705--2177264040
632,/p/tx/austin/1011-w-23rd-st-102-austin-tx-78705--2287492408
633,/p/tx/austin/1011-w-23rd-st-101-austin-tx-78705--2172745588
634,/p/tx/austin/1011-w-23rd-st-203-austin-tx-78705--2177264039
635,/p/tx/austin/1735-spyglass-dr-111-austin-tx-78746--2370576498
636,/p/tx/austin/800-brazos-st-1111-austin-tx-78701--2072077673
637,/p/tx/austin/54-rainey-st-616-austin-tx-78701--2072076997
638,/p/tx/austin/5701-rittenhouse-shore-dr-austin-tx-78734--2072172027
639,/p/tx/austin/704-w-21st-st-306-austin-tx-78705--2110339730
640,/p/tx/austin/5604-1-2-joe-sayers-ave-b-austin-tx-78756--2447399300
641,/p/tx/austin/4702-duval-st-a-austin-tx-78751--2282537277
642,/p/tx/austin/2408-leon-st-210-austin-tx-78705--2172670458
643,/p/tx/austin/2801-rio-grande-st-308-austin-tx-78705--2072100050
644,/p/tx/austin/704-w-21st-st-204-austin-tx-78705--2110339720
645,/p/tx/austin/704-w-21st-st-203-austin-tx-78705--2110339719
646,/p/tx/austin/915-w-23rd-st-210-austin-tx-78705--2110340500
647,/p/tx/austin/3408-westside-cv-austin-tx-78731--2072150442
648,/p/tx/austin/1600-barton-springs-rd-5402-austin-tx-78704--2072091491
649,/p/tx/austin/935-la-posada-dr-156-austin-tx-78752--2331809513
650,/p/tx/austin/114-e-31st-st-309-austin-tx-78705--2110338719
651,/p/tx/austin/301-west-ave-1903-austin-tx-78701--2362625406
652,/p/tx/austin/807-w-25th-st-101-austin-tx-78705--2110340131
653,/p/tx/austin/6711-deatonhill-dr-b-austin-tx-78745--2317169158
654,/p/tx/austin/2001-rabb-rd-a-austin-tx-78704--2284294583
655,/p/tx/austin/4619-inicio-ln-austin-tx-78725--2287498957
656,/p/tx/austin/1500-travis-heights-blvd-austin-tx-78704--1008582990
657,/p/tx/austin/901-w-22nd-st-109-austin-tx-78705--2110340254
658,/p/tx/austin/1818-dywer-ave-austin-tx-78704--2072092605
659,/p/tx/austin/1106-w-22nd-st-3-austin-tx-78705--2110338636
660,/p/tx/austin/13909-osmarea-dr-austin-tx-78717--2345245552
661,/p/tx/austin/12606-silver-spur-austin-tx-78727--1016370434
662,/p/tx/austin/10700-macmora-rd-116-austin-tx-78758--2072297974
663,/p/tx/austin/7201-grand-canyon-dr-a-austin-tx-78752--2209577593
664,/p/tx/austin/8322-alvin-high-ln-austin-tx-78729--2072146140
665,/p/tx/austin/4526-avenue-h-austin-tx-78751--2072271773
666,/p/tx/austin/4111-speedway-1-austin-tx-78751--2072271136
667,/p/tx/austin/2802-nueces-st-204-austin-tx-78705--2072100060
668,/p/tx/austin/4111-speedway-2-austin-tx-78751--2072271137
669,/p/tx/austin/704-w-21st-st-307-austin-tx-78705--2110339731
670,/p/tx/austin/306-e-34th-st-b-austin-tx-78705--2110339125
671,/p/tx/austin/8519-bowling-green-dr-austin-tx-78757--2072296650
672,/p/tx/austin/2529-rio-grande-st-73-austin-tx-78705--2306397278
673,/p/tx/austin/15208-harkness-pass-austin-tx-78725--2461245015
674,/p/tx/austin/13405-little-gull-dr-austin-tx-78729--2072144203
675,/p/tx/austin/13461-gent-dr-austin-tx-78729--2072144452
676,/p/tx/austin/915-w-23rd-st-212-austin-tx-78705--2110340502
677,/p/tx/austin/3100-manchaca-rd-15-austin-tx-78704--2331814938
678,/p/tx/austin/1604-nickerson-st-austin-tx-78704--1004712662
679,/p/tx/austin/502-puerta-vallarta-ln-austin-tx-78748--2353603043
680,/p/tx/austin/4601-kitty-ave-b-austin-tx-78721--2196834510
681,/p/tx/austin/1900b-brentwood-st-austin-tx-78757--2504695861
682,/p/tx/austin/702-bernstein-st-12-austin-tx-78745--2331815505
683,/p/tx/austin/2409-leon-st-102-austin-tx-78705--2072099451
684,/p/tx/austin/12808-hughes-st-austin-tx-78732--2331807568
685,/p/tx/austin/11025-rio-vista-dr-austin-tx-78726--2072129787
686,/p/tx/austin/10808-defender-trl-austin-tx-78754--2371607591
687,/p/tx/austin/5611-william-holland-ave-c-austin-tx-78756--2456613641
688,/p/tx/austin/1504-collier-st-10-austin-tx-78704--2072091042
689,/p/tx/austin/107-w-johanna-st-austin-tx-78704--2110334693
690,/p/tx/austin/4523-depew-ave-austin-tx-78751--2072271754
691,/p/tx/austin/3404-hampton-rd-austin-tx-78705--1002518953
692,/p/tx/austin/11000-anderson-mill-rd-124-austin-tx-78750--2072264806
693,/p/tx/austin/2529-rio-grande-st-101-austin-tx-78705--2229407818
694,/p/tx/austin/710-e-dean-keeton-st-211-austin-tx-78705--2110339819
695,/p/tx/austin/1313-greenwood-ave-austin-tx-78721--1120867600
696,/p/tx/austin/3004-birdwood-cir-austin-tx-78704--1121981179
697,/p/tx/austin/1106-w-22nd-st-8-austin-tx-78705--2110338641
698,/p/tx/austin/1106-w-22nd-st-7-austin-tx-78705--2110338640
699,/p/tx/austin/5103-purple-sage-dr-a-austin-tx-78724--2370526496
700,/p/tx/austin/8912-tronewood-dr-austin-tx-78758--1004330699
701,/p/tx/austin/10410-doering-ln-austin-tx-78750--2072263503
702,/p/tx/austin/3610-thompson-st-a-austin-tx-78702--2450410453
703,/p/tx/austin/9550-savannah-ridge-dr-23-austin-tx-78726--2072131028
704,/p/tx/austin/4044-berkman-dr-austin-tx-78723--1005208581
705,/p/tx/austin/10703-parkfield-dr-austin-tx-78758--1004256149
706,/p/tx/austin/9509-gynerium-dr-austin-tx-78717--2317172180
707,/p/tx/austin/913-e-53rd-1-2-st-b-austin-tx-78751--2172832022
708,/p/tx/austin/1311-fairwood-rd-austin-tx-78722--2072112023
709,/c/tx/austin/crestwood-apartment-homes-1800-patton-ln-austin-tx-78723--1050321298
710,/p/tx/austin/1813-dexter-st-austin-tx-78704--2072092558
711,/p/tx/austin/2606-wilson-st-102-austin-tx-78704--2072095593
712,/p/tx/austin/13604-caldwell-dr-60-austin-tx-78750--2072267517
713,/p/tx/austin/4120-valley-view-rd-b-austin-tx-78704--2123242220
714,/p/tx/austin/1604-ravey-st-a-austin-tx-78704--2444322575
715,/p/tx/austin/108-w-41st-st-austin-tx-78751--2110351921
716,/p/tx/austin/516-e-slaughter-ln-1604-austin-tx-78744--2351759069
717,/p/tx/austin/2529-rio-grande-st-78-austin-tx-78705--2179508687
718,/p/tx/austin/3110-red-river-st-c-203-austin-tx-78705--2287495165
719,/p/tx/austin/7685-northcross-dr-823-austin-tx-78757--2072295222
720,/p/tx/austin/704-w-21st-st-206-austin-tx-78705--2110339722
721,/p/tx/austin/2200-spring-creek-dr-c-austin-tx-78704--2172942698
722,/p/tx/austin/360-nueces-st-2501-austin-tx-78701--2072076194
723,/p/tx/austin/4021-valley-view-rd-b-austin-tx-78704--2072097680
724,/p/tx/austin/1601-faro-dr-501-austin-tx-78741--2072198574
725,/p/tx/austin/210-lee-barton-dr-320-austin-tx-78704--2072093752
726,/p/tx/austin/4605-e-12th-st-b-austin-tx-78721--2467618257
727,/p/tx/austin/54-rainey-st-812-austin-tx-78701--2072077039
728,/p/tx/austin/11308-ptarmigan-cv-a-austin-tx-78758--2427060088
729,/p/tx/austin/2101-matthews-ln-b-austin-tx-78745--2172283343
730,/p/tx/austin/1807-ulit-ave-b-austin-tx-78702--2178637054
731,/p/tx/austin/5332-balcones-dr-d-austin-tx-78731--2072154135
732,/p/tx/austin/1903-frazier-ave-b-austin-tx-78704--2483671323
733,/p/tx/austin/510-w-odell-st-austin-tx-78752--2110354186
734,/p/tx/austin/5217-meadow-creek-dr-austin-tx-78745--2072220918
735,/p/tx/austin/806-w-24th-st-235-austin-tx-78705--2110340020
736,/p/tx/austin/1322-e-12th-st-405-austin-tx-78702--2420635831
737,/p/tx/austin/5502-evans-ave-a-austin-tx-78751--2286956378
738,/p/tx/austin/303-zennia-st-austin-tx-78751--1001505894
739,/p/tx/austin/311-nelray-blvd-a-austin-tx-78751--2172223336
740,/p/tx/austin/912-e-38th-st-austin-tx-78705--1010629012
741,/p/tx/austin/8917-old-lampasas-trl-16-austin-tx-78750--2072269443
742,/p/tx/austin/1800-e-4th-st-306-austin-tx-78702--2345521976
743,/p/tx/austin/3114-s-congress-ave-305-austin-tx-78704--2352710243
744,/p/tx/austin/2529-rio-grande-st-44-austin-tx-78705--2427061533
745,/p/tx/austin/5305-martin-ave-austin-tx-78751--1006551923
746,/p/tx/austin/6113-calmar-cv-austin-tx-78721--2072111769
747,/p/tx/austin/13913-carolina-ln-austin-tx-78717--2178044677
748,/p/tx/austin/3629-ruby-red-dr-austin-tx-78728--2072141300
749,/p/tx/austin/715-graham-pl-austin-tx-78705--1013266112
750,/p/tx/bee-cave/16025-la-rosa-dr-bee-cave-tx-78738--2121338687
751,/p/tx/austin/5100-avenue-h-a-austin-tx-78751--2172947423
752,/p/tx/austin/705-harris-dr-a-austin-tx-78737--2504669182
753,/p/tx/lakeway/1008-challenger-lakeway-tx-78734--1123928539
754,/p/tx/austin/40-n-interstate-highway-35-1a1-austin-tx-78701--2180575300
755,/p/tx/austin/609-w-37th-st-austin-tx-78705--1002911261
756,/p/tx/austin/11203-ranch-road-2222-106-austin-tx-78730--2072147872
757,/p/tx/austin/4303-red-river-st-austin-tx-78751--1006262588
758,/p/tx/austin/4512-heights-dr-austin-tx-78746--2072234058
759,/p/tx/austin/2700-ware-rd-austin-tx-78741--2072201394
760,/p/tx/austin/1902-outwood-mill-ln-austin-tx-78744--1121360281
761,/p/tx/austin/3900-willbert-rd-austin-tx-78751--1002306152
762,/p/tx/austin/5012-avenue-h-austin-tx-78751--2072272367
763,/p/tx/austin/12812-wooded-lake-ct-austin-tx-78732--1031452608
764,/p/tx/austin/13371-amasia-dr-austin-tx-78729--2072144135
765,/p/tx/austin/7612-lazy-river-cv-austin-tx-78730--2072149469
766,/p/tx/austin/501-west-ave-2403-austin-tx-78701--2362621758
767,/p/tx/austin/914-jewell-st-austin-tx-78704--2072098771
768,/p/tx/austin/7202-bassett-ct-austin-tx-78741--2373872781
769,/p/tx/austin/1116-lott-ave-1-austin-tx-78721--2361736114
770,/p/tx/austin/1902-bremen-st-b-austin-tx-78703--2172875906
771,/p/tx/austin/1729-wooten-park-dr-103-austin-tx-78757--2172985195
772,/p/tx/austin/1312-e-52nd-st-a-austin-tx-78723--2174344378
773,/p/tx/austin/2924-lantana-ridge-dr-austin-tx-78732--1002835424
774,/p/tx/austin/617-horseback-holw-austin-tx-78732--2072161176
775,/p/tx/austin/5623-woodrow-ave-2-austin-tx-78756--2171662311
776,/p/tx/austin/3122-speedway-st-108-austin-tx-78705--2502344051
777,/p/tx/austin/1218-baylor-st-102-austin-tx-78703--2172967151
778,/p/tx/austin/35-salina-st-austin-tx-78702--2072082147
779,/p/tx/austin/2108-bristol-dr-austin-tx-78723--1024389184
780,/p/tx/austin/915-w-23rd-st-c-austin-tx-78705--2182502797
781,/p/tx/austin/1121-gunter-st-austin-tx-78702--2072078739
782,/p/tx/austin/611-w-30th-st-224-austin-tx-78705--2502218149
783,/p/tx/austin/1601-e-5th-st-203-austin-tx-78702--2110330344
784,/p/tx/austin/701-e-north-loop-blvd-104-austin-tx-78751--2491211743
785,/p/tx/austin/701-e-north-loop-blvd-111-austin-tx-78751--2484817729
786,/p/tx/austin/701-e-north-loop-blvd-103-austin-tx-78751--2488730035
787,/p/tx/austin/701-e-north-loop-blvd-114-austin-tx-78751--2497185464
788,/p/tx/austin/701-e-north-loop-blvd-117-austin-tx-78751--2493292661
789,/p/tx/austin/2401-w-9th-st-a-austin-tx-78703--2308769943
790,/p/tx/austin/1502-w-34th-st-b-austin-tx-78703--2427068902
791,/p/tx/austin/1714-enfield-rd-105-austin-tx-78703--2304387432
792,/p/tx/austin/807-e-4th-st-2-austin-tx-78702--2461779441
793,/p/tx/austin/2408-leon-st-304-austin-tx-78705--2172575099
794,/p/tx/austin/406-krebs-ln-austin-tx-78704--2072097713
795,/p/tx/austin/401-nelray-blvd-a-austin-tx-78751--2172186716
796,/p/tx/austin/1716-constantino-cir-a-austin-tx-78745--2353157121
797,/p/tx/austin/5117-n-lamar-blvd-300-austin-tx-78751--2428355954
798,/p/tx/austin/4608-chiappero-trl-austin-tx-78731--2072153047
799,/p/tx/austin/7212-meador-ave-austin-tx-78752--1009961762
800,/p/tx/austin/2104-enfield-rd-c-austin-tx-78703--2328621166
801,/p/tx/austin/1305-exposition-blvd-1-austin-tx-78703--2072083591
802,/p/tx/austin/4612-caswell-ave-a-austin-tx-78751--2173149605
803,/p/tx/austin/address-not-disclosed-austin-tx-78704--2072097549
804,/p/tx/austin/611-w-30th-st-116-austin-tx-78705--2498659834
805,/p/tx/austin/806-w-24th-st-325-austin-tx-78705--2110340118
806,/p/tx/austin/106-nelray-blvd-a-austin-tx-78751--2172911445
807,/p/tx/austin/4520-speedway-a-austin-tx-78751--2172909472
808,/p/tx/austin/2200-rio-grande-st-austin-tx-78705--1009676317
809,/p/tx/austin/2316-indian-trl-austin-tx-78703--2072085729
810,/p/tx/austin/2801-rio-grande-st-106-austin-tx-78705--2072100030
811,/p/tx/austin/2216-san-gabriel-st-306-austin-tx-78705--2072099238
812,/p/tx/austin/2801-rio-grande-st-109-austin-tx-78705--2072100033
813,/p/tx/austin/2801-rio-grande-st-208-austin-tx-78705--2072100041
814,/p/tx/austin/2017-e-8th-st-austin-tx-78702--1121448495
815,/p/tx/austin/2506-manor-cir-b26-austin-tx-78723--2183941910
816,/p/tx/austin/1506-w-13th-st-9-austin-tx-78703--2110333551
817,/p/tx/austin/15600-prestancia-dr-austin-tx-78717--2072104915
818,/p/tx/austin/505-w-18th-st-f-austin-tx-78701--2173340683
819,/p/tx/austin/505-w-18th-st-k-austin-tx-78701--2171945513
820,/p/tx/austin/2605-enfield-rd-110-austin-tx-78703--2072086521
821,/p/tx/austin/915-w-21st-st-3-austin-tx-78705--2296845320
822,/p/tx/austin/706-w-22nd-st-205-austin-tx-78705--2110339747
823,/p/tx/austin/3000-guadalupe-st-116-austin-tx-78705--2072100476
824,/p/tx/austin/2815-rio-grande-st-109-austin-tx-78705--2072100188
825,/p/tx/austin/706-w-22nd-st-307-austin-tx-78705--2110339757
826,/p/tx/austin/3316-guadalupe-st-210-austin-tx-78705--2072101175
827,/p/tx/austin/2000-whitis-ave-203-austin-tx-78705--2072099015
828,/p/tx/austin/1800-lavaca-st-411-austin-tx-78701--2229394683
829,/p/tx/austin/1111-w-10th-st-101-austin-tx-78703--2110333095
830,/p/tx/austin/1000-w-26th-st-215-austin-tx-78705--2110338495
831,/p/tx/austin/926-e-dean-keeton-st-208-austin-tx-78705--2171732419
832,/p/tx/austin/924-e-dean-keeton-st-123-austin-tx-78705--2171756634
833,/p/tx/austin/2108-san-gabriel-st-austin-tx-78705--2072099084
834,/p/tx/austin/1405-hartford-rd-203-austin-tx-78703--2072083796
835,/p/tx/austin/3106-duval-st-306-austin-tx-78705--2172315364
836,/p/tx/austin/2216-san-gabriel-st-106-austin-tx-78705--2072099222
837,/p/tx/austin/1611-ulit-ave-b-austin-tx-78702--2171662508
838,/p/tx/austin/1200-e-11th-st-206-austin-tx-78702--2110329952
839,/p/tx/austin/2304-thrasher-ln-austin-tx-78741--1150190570
840,/p/tx/austin/5506-rose-hill-cir-d-austin-tx-78745--2387045312
841,/p/tx/austin/3417-willowrun-dr-b-austin-tx-78704--2328459462
842,/p/tx/austin/2206-leah-cv-d-austin-tx-78748--2362616756
843,/p/tx/austin/2605-enfield-rd-208-austin-tx-78703--2072086533
844,/p/tx/austin/505-w-7th-st-105-austin-tx-78701--2110329177
845,/p/tx/austin/2300-leon-st-204-austin-tx-78705--2072099270
846,/p/tx/austin/1201-southport-dr-c-austin-tx-78704--2172315561
847,/p/tx/austin/1203-southport-dr-a-austin-tx-78704--2172315892
848,/p/tx/austin/1212-guadalupe-st-1002-austin-tx-78701--2072074796
849,/p/tx/austin/1808-rio-grande-st-1-austin-tx-78701--2072075346
850,/p/tx/austin/1807-poquito-st-38-austin-tx-78702--2072080362
851,/p/tx/austin/1717-w-35th-st-107-austin-tx-78703--2171733143
852,/p/tx/austin/926-e-dean-keeton-st-206-austin-tx-78705--2171708161
853,/p/tx/austin/2000-travis-heights-blvd-b-austin-tx-78704--2427068667
854,/p/tx/austin/808-winflo-dr-103-austin-tx-78703--2182217653
855,/p/tx/austin/1307-kinney-ave-137-austin-tx-78704--2072090421
856,/p/tx/austin/808-winflo-dr-209-austin-tx-78703--2182217659
857,/p/tx/austin/1410-w-north-loop-blvd-101-austin-tx-78756--2358235646
858,/p/tx/austin/599-e-53rd-st-112-austin-tx-78751--2502552089
859,/p/tx/austin/5609-woodrow-ave-104-austin-tx-78756--2171944983
860,/p/tx/austin/2100-san-gabriel-st-102-austin-tx-78705--2189789046
861,/p/tx/austin/2011-margalene-way-a-austin-tx-78728--2201894117
862,/p/tx/austin/702-hearn-st-austin-tx-78703--2495600226
863,/p/tx/austin/1614-w-6th-st-1-austin-tx-78703--2499401554
864,/p/tx/austin/2000-whitis-ave-205-austin-tx-78705--2072099016
865,/p/tx/austin/808-w-29th-st-301-austin-tx-78705--2110340183
866,/p/tx/austin/12416-deer-falls-dr-a-austin-tx-78729--2189225492
867,/p/tx/austin/2301-ohlen-rd-209-austin-tx-78757--2466726976
868,/p/tx/austin/9725-circle-dr-f-austin-tx-78736--2500105138
869,/p/tx/austin/2604-salado-st-104-austin-tx-78705--2072099779
870,/c/tx/austin/1-bed-544-sqft-1-095-1315-norwalk-ln-austin-tx-78703--2447467241
871,/p/tx/austin/2804-rio-grande-st-309-austin-tx-78705--2072100106
872,/p/tx/austin/3204-manchaca-rd-414-austin-tx-78704--2072096808
873,/p/tx/austin/8409-axis-dr-austin-tx-78749--2072261440
874,/p/tx/austin/1172-oakgrove-ave-a-austin-tx-78702--2173033754
875,/p/tx/austin/300-blackson-ave-austin-tx-78752--1121973630
876,/p/tx/austin/1717-w-35th-st-104-austin-tx-78703--2183392441
877,/p/tx/austin/4600-chartwell-dr-b-austin-tx-78723--2172200372
878,/p/tx/austin/3602-govalle-ave-austin-tx-78702--2072082152
879,/p/tx/austin/200-e-elizabeth-st-b-austin-tx-78704--2229395006
880,/p/tx/austin/504-w-13th-st-4-austin-tx-78701--2348109885
881,/p/tx/austin/3305-clawson-rd-b-austin-tx-78704--2072096907
882,/p/tx/austin/3211-barton-view-dr-austin-tx-78735--1018687191
883,/p/tx/austin/1800-lavaca-st-a-703-austin-tx-78701--2121571714
884,/p/tx/austin/2302-leon-st-2-austin-tx-78705--2173652227
885,/p/tx/austin/204-lightsey-rd-austin-tx-78704--1016215916
886,/p/tx/austin/2825-san-gabriel-st-1-austin-tx-78705--2493981963
887,/p/tx/austin/8509-burrell-dr-austin-tx-78757--2072296596
888,/p/tx/austin/2806-manor-rd-austin-tx-78722--2072112663
889,/p/tx/austin/2014-peoples-st-austin-tx-78702--2072080779
890,/p/tx/austin/1812-harvey-st-austin-tx-78702--2373285569
891,/p/tx/austin/8410-beech-dr-austin-tx-78758--2072303432
892,/p/tx/austin/6921-longford-trl-austin-tx-78754--2342226030
893,/p/tx/austin/6800-terra-oak-cir-austin-tx-78749--1044666972
894,/p/tx/austin/2103-brookhill-dr-austin-tx-78745--2072214989
895,/p/tx/austin/address-not-disclosed-austin-tx-78704--2183472339
896,/p/tx/austin/2714-saint-edwards-cir-2-austin-tx-78704--2175655378
897,/p/tx/austin/1006-king-albert-st-b-austin-tx-78745--2427067173
898,/p/tx/austin/1604-valleyridge-dr-a-austin-tx-78704--2502165491
899,/p/tx/austin/1410-w-north-loop-blvd-208-austin-tx-78756--2358235729
900,/p/tx/austin/4720-harmon-ave-203-austin-tx-78751--2499598006
901,/p/tx/austin/310-rowland-dr-austin-tx-78745--1122250970
902,/p/tx/austin/510-cutty-trl-a-austin-tx-78734--2255507333
903,/p/tx/austin/8800-pineridge-dr-b-austin-tx-78729--2182387721
904,/p/tx/austin/3400-speedway-106-austin-tx-78705--2072101231
905,/p/tx/austin/4805-duval-st-austin-tx-78751--1019779679
906,/p/tx/austin/41-waller-st-204-austin-tx-78702--2072082229
907,/p/tx/austin/1713-enfield-rd-f-austin-tx-78703--2072084732
908,/p/tx/austin/3018-s-1st-st-102-austin-tx-78704--2110336676
909,/p/tx/austin/3403-willowrun-cv-c-austin-tx-78704--2427099744
910,/p/tx/austin/3303-vintage-hills-cv-austin-tx-78723--1050322122
911,/p/tx/austin/912-w-22nd-1-2-st-h-austin-tx-78705--2172201018
912,/p/tx/austin/2003-glen-allen-st-103-austin-tx-78704--2357684413
913,/p/tx/austin/4412-russell-dr-b-austin-tx-78745--2172758696
914,/p/tx/austin/2529-rio-grande-st-17-austin-tx-78705--2172282042
915,/p/tx/austin/12806-copper-cliff-ave-b-austin-tx-78727--2177869561
916,/p/tx/austin/509-elmwood-pl-b-austin-tx-78705--2172865678
917,/p/tx/austin/8006-tuscarora-trl-a-austin-tx-78729--2072145759
918,/c/tx/austin/1-bed-829-909-w-26th-st-austin-tx-78705--2493731869
919,/p/tx/austin/505-w-7th-st-214-austin-tx-78701--2110329198
920,/p/tx/austin/5623-woodrow-ave-6-austin-tx-78756--2171659978
921,/p/tx/austin/1619-enfield-rd-d-austin-tx-78703--2454087029
922,/p/tx/austin/607-woodward-st-109-austin-tx-78704--2504055964
923,/p/tx/austin/12922-covington-trl-austin-tx-78727--1120830456
924,/p/tx/austin/908-poplar-st-204a-austin-tx-78705--2461904386
925,/p/tx/austin/2303-rachael-ct-a-austin-tx-78748--2345778923
926,/p/tx/pflugerville/15013-drusillas-dr-pflugerville-tx-78660--1004545477
927,/p/tx/austin/2413-leon-st-102-austin-tx-78705--2072099484
928,/p/tx/austin/2412-richcreek-rd-205-austin-tx-78757--2500056817
929,/p/tx/austin/address-not-disclosed-austin-tx-78705--2072099966
930,/p/tx/lakeway/520-cutty-trl-a-lakeway-tx-78734--2175972985
931,/p/tx/austin/1702-willow-st-austin-tx-78702--1121225277
932,/p/tx/austin/806-w-24th-st-331-austin-tx-78705--2110340124
933,/p/tx/austin/1309-e-52nd-st-2-austin-tx-78723--2282840582
934,/p/tx/austin/57-san-marcos-st-austin-tx-78702--2072082406
935,/p/tx/austin/2401-bucks-run-b-austin-tx-78744--2174052406
936,/p/tx/austin/2608-w-8th-st-a-austin-tx-78703--2487505773
937,/p/tx/austin/3411-windsor-rd-b-austin-tx-78703--2444939091
938,/p/tx/austin/1909-anita-dr-a-austin-tx-78704--2194195813
939,/p/tx/austin/1708-chicon-st-austin-tx-78702--2238905371
940,/p/tx/austin/2708-s-1st-st-201-austin-tx-78704--2179645201
941,/p/tx/austin/801-terrell-hill-dr-a-austin-tx-78704--2185931269
942,/p/tx/austin/10616-mellow-mdws-21b-austin-tx-78750--2072264067
943,/p/tx/austin/2308-alta-vista-ave-b-austin-tx-78704--2172880530
944,/p/tx/austin/1910-w-loop-d-austin-tx-78758--2457898888
945,/p/tx/austin/1908-san-antonio-st-312-austin-tx-78705--2072098942
946,/p/tx/austin/939-e-50th-st-austin-tx-78751--1002450838
947,/p/tx/austin/1111-w-10th-st-203-austin-tx-78703--2110333111
948,/c/tx/austin/gault-apartments-7945-gault-st-austin-tx-78757--1001968715
949,/p/tx/austin/5403-william-holland-ave-austin-tx-78756--2358600812
950,/p/tx/austin/1101-w-22nd-st-austin-tx-78705--1120548968
951,/p/tx/austin/5502-rose-hill-cir-c-austin-tx-78745--2501262381
952,/p/tx/austin/3819-southway-dr-102-austin-tx-78704--2394888612
953,/p/tx/austin/7009-sienna-rouge-path-austin-tx-78744--2331814237
954,/p/tx/pflugerville/816-durness-dr-pflugerville-tx-78660--2399216786
955,/p/tx/austin/1315-clearfield-dr-austin-tx-78758--2072301248
956,/p/tx/austin/8837-francia-trl-austin-tx-78748--1046594776
957,/p/tx/austin/7200-n-lamar-blvd-1-austin-tx-78752--2493487445
958,/p/tx/austin/1605-w-39th-1-2-st-107-austin-tx-78756--2331719173
959,/p/tx/austin/15716-canberra-trl-austin-tx-78728--2329820334
960,/p/tx/austin/2610-whitis-ave-llf209-austin-tx-78705--2502220879
961,/p/tx/austin/513-s-park-dr-202-austin-tx-78704--2172315253
962,/p/tx/austin/5210-joe-sayers-ave-f-austin-tx-78756--2420790489
963,/p/tx/austin/3018-s-1st-st-110-austin-tx-78704--2110336684
964,/p/tx/austin/1706-patton-ln-203-austin-tx-78723--2185783968
965,/p/tx/austin/513-s-park-dr-304-austin-tx-78704--2174575490
966,/p/tx/austin/2605-enfield-rd-108-austin-tx-78703--2072086519
967,/p/tx/austin/3206-king-st-105-austin-tx-78705--2072100987
968,/p/tx/austin/9902-hundred-oaks-cir-a-austin-tx-78750--2172610875
969,/p/tx/austin/8908-schick-rd-d-austin-tx-78729--2172955086
970,/p/tx/austin/4507-magin-meadow-dr-austin-tx-78744--1001791482
971,/p/tx/austin/4406-bennett-ave-a-austin-tx-78751--2172192135
972,/p/tx/austin/3431-n-hills-dr-307-austin-tx-78731--2110343341
973,/p/tx/austin/2808-oak-springs-dr-austin-tx-78702--2072081605
974,/p/tx/austin/807-w-25th-st-309-austin-tx-78705--2110340159
975,/p/tx/austin/4306-avenue-a-113-austin-tx-78751--2072271336
976,/p/tx/austin/5608-cougar-dr-221-austin-tx-78745--2072221422
977,/p/tx/austin/3304-red-river-st-105-austin-tx-78705--2447098473
978,/p/tx/austin/9901-roxanna-dr-d-austin-tx-78748--2171856107
979,/p/tx/austin/4306-avenue-a-109-austin-tx-78751--2072271332
980,/p/tx/austin/611-w-30th-st-211-austin-tx-78705--2501450403
981,/p/tx/austin/2200-alta-vista-ave-2-austin-tx-78704--2373834593
982,/p/tx/austin/3101-e-13th-st-austin-tx-78702--1042501047
983,/c/tx/austin/cherry-hill-lofts-5609-cougar-dr-austin-tx-78745--1050319927
984,/p/tx/austin/1314-southport-dr-c-austin-tx-78704--2174738773
985,/p/tx/austin/8603-fireside-dr-101-austin-tx-78757--2284046571
986,/p/tx/austin/505-w-7th-st-117-austin-tx-78701--2110329189
987,/p/tx/austin/803-w-28th-st-202-austin-tx-78705--2110339996
988,/p/tx/austin/915-w-22nd-1-2-st-204-austin-tx-78705--2110340471
989,/p/tx/austin/10201-erwin-trl-austin-tx-78717--2356462079
990,/p/tx/austin/1903-anita-dr-austin-tx-78704--1002354323
991,/p/tx/austin/710-w-34th-st-202-austin-tx-78705--2171660446
992,/p/tx/austin/604-irma-dr-austin-tx-78752--2072273775
993,/p/tx/austin/2200-bluebonnet-ln-2-austin-tx-78704--2501642211
994,/p/tx/austin/2623-salado-st-a-austin-tx-78705--2179585437
995,/p/tx/austin/4305-avenue-a-austin-tx-78751--1001854367
996,/p/tx/austin/4607-e-12th-st-3-austin-tx-78721--2504073747
997,/p/tx/austin/12212-dundee-dr-austin-tx-78759--2072308357
998,/p/tx/austin/1906-fairlawn-ln-a-austin-tx-78704--2189790358
999,/p/tx/austin/305-e-croslin-st-111-austin-tx-78752--2293088165
1000,/p/tx/austin/12418-coronet-st-b-austin-tx-78727--2231045237
1001,/p/tx/austin/614-w-51st-st-104-austin-tx-78751--2175638986
1002,/p/tx/austin/2917-e-16th-st-b-austin-tx-78702--2172927719
1003,/p/tx/austin/2612-rogers-ave-e-austin-tx-78722--1045067983
1004,/p/tx/austin/2320-gracy-farms-ln-1124-austin-tx-78758--2072302737
1005,/p/tx/austin/2907-e-14th-st-b-austin-tx-78702--2122565515
1006,/p/tx/austin/2610-salado-st-110-austin-tx-78705--2391975766
1007,/p/tx/austin/2401-manor-rd-107-austin-tx-78722--2173664104
1008,/p/tx/austin/310-e-croslin-st-101-austin-tx-78752--2173652026
1009,/p/tx/austin/4520-duval-st-104-austin-tx-78751--2502009291
1010,/p/tx/austin/8717-talyne-chaise-cir-a-austin-tx-78729--2173251127
1011,/p/tx/austin/612-w-30th-st-101-austin-tx-78705--2495596739
1012,/p/tx/austin/4401-avenue-b-118-austin-tx-78751--2501364914
1013,/p/tx/austin/608-fletcher-st-austin-tx-78704--2072098115
1014,/p/tx/austin/1134-brookswood-ave-austin-tx-78721--2072109419
1015,/p/tx/austin/1610-enfield-rd-108-austin-tx-78703--2483040130
1016,/p/tx/austin/1200-richcreek-rd-austin-tx-78757--2072289912
1017,/p/tx/austin/4704-s-forest-dr-austin-tx-78745--1150590027
1018,/p/tx/austin/1302-baronets-trl-austin-tx-78753--1120843690
1019,/p/tx/austin/2612-e-side-dr-austin-tx-78704--2122397452
1020,/p/tx/austin/4306-avenue-b-1-austin-tx-78751--2180796879
1021,/p/tx/austin/3203-hancock-dr-austin-tx-78731--2072150247
1022,/p/tx/austin/1611-w-39th-1-2-st-105-austin-tx-78756--2178402210
1023,/p/tx/austin/2512-durwood-st-113-austin-tx-78704--2172759242
1024,/p/tx/austin/1814-waterston-ave-107-austin-tx-78703--2498755246
1025,/p/tx/austin/2609-e-cesar-chavez-st-105-austin-tx-78702--2172878259
1026,/p/tx/austin/7300-twin-crest-dr-102-austin-tx-78752--2171846734
1027,/p/tx/austin/5705-lehman-way-austin-tx-78747--2362625235
1028,/p/tx/austin/2404-e-13th-st-a-austin-tx-78702--2172315781
1029,/p/tx/austin/1006-e-39th-st-austin-tx-78751--1029523502
1030,/p/tx/austin/54-rainey-st-1109-austin-tx-78701--2072076881
1031,/p/tx/austin/1307-norwalk-ln-206-austin-tx-78703--2072083623
1032,/p/tx/austin/1804-wooten-park-dr-101-austin-tx-78757--2072291449
1033,/p/tx/austin/501-normandy-st-austin-tx-78745--1013107973
1034,/p/tx/austin/11304-nicole-cv-b-austin-tx-78753--2286779264
1035,/p/tx/austin/5301-indio-cir-a-austin-tx-78745--2181284169
1036,/p/tx/austin/1402-waterloo-trl-a-austin-tx-78704--2367236564
1037,/p/tx/austin/10212-brownie-dr-d-austin-tx-78753--2344431295
1038,/p/tx/austin/903-romeria-dr-206-austin-tx-78757--2373493877
1039,/p/tx/austin/4429-whispering-valley-dr-d-austin-tx-78727--2171856069
1040,/p/tx/austin/2905-swisher-st-208-austin-tx-78705--2072100360
1041,/p/tx/austin/1840-burton-dr-117-austin-tx-78741--2072199474
1042,/p/tx/austin/3408-northland-dr-a-austin-tx-78731--2173193991
1043,/p/tx/austin/908-w-21st-st-101-austin-tx-78705--2173014126
1044,/p/tx/austin/6489-hart-ln-b-austin-tx-78731--2338035961
1045,/p/tx/austin/16804-whitebrush-loop-austin-tx-78717--1002466262
1046,/p/tx/austin/11904-doubloon-cv-a-austin-tx-78759--2172291584
1047,/p/tx/austin/8308-renton-dr-austin-tx-78757--1123657804
1048,/p/tx/austin/9002-wellesley-dr-austin-tx-78754--1022686547
1049,/p/tx/austin/8610-bowling-green-dr-a-austin-tx-78757--2173651963
1050,/p/tx/austin/2505-san-gabriel-st-611-austin-tx-78705--2072099650
1051,/p/tx/austin/6206-shadow-valley-dr-b-austin-tx-78731--2255145374
1052,/p/tx/austin/4705-sagebrush-trl-a-austin-tx-78745--2427066567
1053,/p/tx/austin/12712-coralberry-cv-austin-tx-78732--1120813387
1054,/p/tx/austin/3013-perry-ln-austin-tx-78731--2072150221
1055,/p/tx/austin/1409-click-cv-b-austin-tx-78758--2463986275
1056,/p/tx/austin/304-e-33rd-st-19-austin-tx-78705--2110339091
1057,/p/tx/austin/1914-hearthstone-dr-a-austin-tx-78757--2410767739
1058,/p/tx/austin/304-e-33rd-st-14-austin-tx-78705--2110339086
1059,/p/tx/austin/800-brazos-st-1311-austin-tx-78701--2072077692
1060,/p/tx/austin/1840-burton-dr-158-austin-tx-78741--2072199515
1061,/p/tx/austin/3812-speedway-101-austin-tx-78751--2196933736
1062,/p/tx/austin/3816-speedway-103-austin-tx-78751--2173347602
1063,/p/tx/austin/3812-speedway-105-austin-tx-78751--2329906926
1064,/p/tx/austin/3206-king-st-103-austin-tx-78705--2072100985
1065,/p/tx/austin/516-e-40th-st-202-austin-tx-78751--2355856495
1066,/p/tx/austin/2910-medical-arts-st-101b-austin-tx-78705--2501769732
1067,/p/tx/austin/105-w-38th-1-2-st-101-austin-tx-78751--2171733116
1068,/p/tx/austin/4204-speedway-104-austin-tx-78751--2352705577
1069,/p/tx/austin/501-w-26th-st-326-austin-tx-78705--2110339491
1070,/p/tx/austin/11506-morningsun-dr-austin-tx-78737--2168116116
1071,/p/tx/austin/1101-shoal-creek-blvd-19-austin-tx-78701--2072074585
1072,/p/tx/austin/1716-rockbridge-ter-austin-tx-78741--2072199024
1073,/p/tx/austin/3106-duval-st-310-austin-tx-78705--2172315872
1074,/p/tx/austin/2515-pearl-st-202-austin-tx-78705--2174571277
1075,/p/tx/austin/10508-little-pebble-dr-b-austin-tx-78758--2205478747
1076,/p/tx/austin/2014-tasmanian-tiger-trce-austin-tx-78728--2338124508
1077,/p/tx/austin/12403-willow-wild-dr-b-austin-tx-78758--2183540249
1078,/p/tx/austin/420-n-pleasant-valley-rd-204-austin-tx-78702--2352524480
1079,/p/tx/austin/4412-avenue-a-205-austin-tx-78751--2497730161
1080,/c/tx/austin/2-bed-1-119-3205-helms-st-austin-tx-78705--2171719958
1081,/p/tx/austin/7107-silver-dale-dr-a-austin-tx-78736--2229464676
1082,/p/tx/austin/1506-pease-rd-a-austin-tx-78703--2173198044
1083,/p/tx/austin/4712-depew-ave-103-austin-tx-78751--2357431407
1084,/p/tx/austin/3819-southway-dr-110-austin-tx-78704--2194309681
1085,/p/tx/austin/3812-speedway-103-austin-tx-78751--2328498679
1086,/p/tx/austin/1807-poquito-st-32-austin-tx-78702--2072080356
1087,/p/tx/austin/2520-quarry-rd-308-austin-tx-78703--2072086377
1088,/p/tx/austin/11301-oakwood-dr-a-austin-tx-78753--2472016073
1089,/p/tx/austin/2502-sweeney-ln-austin-tx-78723--2072115996
1090,/p/tx/austin/909-w-30th-st-austin-tx-78705--1002896292
1091,/p/tx/austin/5111-avenue-g-b-austin-tx-78751--2174182935
1092,/p/tx/austin/912-columbus-st-austin-tx-78704--2072098757
1093,/p/tx/austin/2107-ann-arbor-ave-austin-tx-78704--1121532238
1094,/p/tx/austin/1914-gracy-farms-ln-b-austin-tx-78758--2340272945
1095,/p/tx/austin/1500-no-mor-cv-austin-tx-78758--2072301679
1096,/p/tx/austin/616-w-51st-st-104-austin-tx-78751--2173055103
1097,/p/tx/austin/3115-tom-green-st-307-austin-tx-78705--2072100841
1098,/p/tx/austin/800-embassy-dr-418-austin-tx-78702--2362624991
1099,/p/tx/austin/911-romeria-dr-b-austin-tx-78757--2171715483
1100,/p/tx/austin/4903-merritt-dr-b-austin-tx-78744--2406380016
1101,/p/tx/austin/1725-toomey-rd-204-austin-tx-78704--2172263351
1102,/p/tx/austin/4709-harmon-ave-419-austin-tx-78751--2201894118
1103,/p/tx/austin/1310-san-antonio-st-4-austin-tx-78701--2229470984
1104,/p/tx/austin/4600-rocking-chair-rd-b-austin-tx-78744--2404450881
1105,/p/tx/austin/4508-depew-ave-a-austin-tx-78751--2175443179
1106,/p/tx/austin/3006-duval-st-3-austin-tx-78705--2185997715
1107,/p/tx/austin/1600-west-ave-13-austin-tx-78701--2343970818
1108,/p/tx/austin/16802-village-oak-loop-austin-tx-78717--1004712606
1109,/p/tx/austin/1600-west-ave-15-austin-tx-78701--2356243413
1110,/p/tx/austin/address-not-disclosed-austin-tx-78705--2329156560
1111,/p/tx/austin/2106-morley-dr-austin-tx-78752--2072273338
1112,/p/tx/austin/8617-winding-walk-austin-tx-78757--2072296809
1113,/p/tx/austin/4603-caymen-pl-austin-tx-78749--1122818069
1114,/p/tx/austin/5117-n-lamar-blvd-100-austin-tx-78751--2367395527
1115,/p/tx/austin/4405-button-bend-cir-austin-tx-78744--2072206321
1116,/p/tx/austin/1023-w-24th-st-803-austin-tx-78705--2173185645
1117,/p/tx/austin/4810-oak-cliff-dr-austin-tx-78721--2072111089
1118,/p/tx/austin/4709-bull-creek-rd-a-austin-tx-78731--2370601978
1119,/p/tx/austin/1915-barge-st-201-austin-tx-78745--2476274335
1120,/p/tx/austin/2801-rio-grande-st-302-austin-tx-78705--2072100044
1121,/p/tx/austin/1404-waterloo-trl-b-austin-tx-78704--2501531319
1122,/p/tx/austin/1111-w-10th-st-106-austin-tx-78703--2110333100
1123,/p/tx/austin/address-not-disclosed-austin-tx-78704--2072090475
1124,/p/tx/austin/1417-bentwood-rd-austin-tx-78722--2072112098
1125,/p/tx/austin/7501-carver-ave-a-austin-tx-78752--2174421544
1126,/p/tx/austin/41-waller-st-205-austin-tx-78702--2072082230
1127,/p/tx/austin/2102-pompton-dr-a-austin-tx-78757--2355850969
1128,/p/tx/pflugerville/15029-donna-jane-loop-pflugerville-tx-78660--2071989397
1129,/p/tx/austin/address-not-disclosed-austin-tx-78703--2408007678
1130,/c/tx/austin/1131-hollow-creek-1131-hollow-creek-dr-austin-tx-78704--1050320509
1131,/p/tx/austin/4904-w-wind-trl-103-austin-tx-78745--2346549089
1132,/p/tx/austin/2305-barton-village-cir-104-austin-tx-78704--2406636507
1133,/p/tx/austin/1710-westover-rd-austin-tx-78703--1028486275
1134,/p/tx/leander/129-mallard-ln-leander-tx-78641--1002558969
1135,/p/tx/austin/1914-hearthstone-dr-d-austin-tx-78757--2357512337
1136,/p/tx/austin/816-w-north-loop-blvd-107-austin-tx-78756--2173063984
1137,/p/tx/austin/2404-regal-park-ln-austin-tx-78748--1007158858
1138,/p/tx/austin/1812-maple-ave-austin-tx-78702--1121309921
1139,/p/tx/austin/610-upson-st-b-austin-tx-78703--2229415038
1140,/p/tx/austin/4519-felicity-ln-austin-tx-78725--1122798996
1141,/p/tx/austin/3605-bayton-dr-austin-tx-78738--2072190029
1142,/p/tx/austin/2918-ranch-road-620-n-214-austin-tx-78734--2174769071
1143,/p/tx/austin/2104-kirksey-dr-b-austin-tx-78741--2337629124
1144,/p/tx/austin/1197-angelina-st-austin-tx-78702--1019085480
1145,/p/tx/austin/6709-columbia-dr-austin-tx-78723--1030790554
1146,/p/tx/austin/4803-pecan-springs-rd-b-austin-tx-78723--2072117768
1147,/p/tx/austin/1705-constantino-cir-b-austin-tx-78745--2349313720
1148,/p/tx/austin/5901-s-1st-st-austin-tx-78745--1021301572
1149,/p/tx/austin/1410-harvey-st-b-austin-tx-78702--2314237107
1150,/p/tx/austin/9021-anna-st-austin-tx-78748--1006554942
1151,/p/tx/austin/8508-wood-stork-dr-austin-tx-78729--2072146253
1152,/p/tx/austin/11305-conchos-river-trl-austin-tx-78717--1120619186
1153,/p/tx/austin/6201-grover-ave-a-austin-tx-78757--2172679210
1154,/p/tx/austin/2401-leon-st-206-austin-tx-78705--2072099366
1155,/p/tx/austin/2702-little-valley-cv-a-austin-tx-78741--2172315901
1156,/p/tx/austin/308-braeswood-rd-austin-tx-78704--2072096617
1157,/p/tx/austin/2515-pearl-st-611-austin-tx-78705--2187511099
1158,/p/tx/austin/13611-terrett-trce-108-austin-tx-78717--2500282921
1159,/p/tx/austin/12166-metric-blvd-3005-austin-tx-78758--2072300574
1160,/p/tx/austin/12166-metric-blvd-154-austin-tx-78758--2072300439
1161,/p/tx/austin/11706-kings-view-ct-b-austin-tx-78750--2174562574
1162,/p/tx/austin/1204-e-7th-st-b-austin-tx-78702--2177728864
1163,/p/tx/austin/8420-briarwood-ln-austin-tx-78757--2072296491
1164,/p/tx/austin/11000-anderson-mill-rd-12-austin-tx-78750--2072264803
1165,/p/tx/austin/13800-lyndhurst-st-134-austin-tx-78717--2416754805
1166,/p/tx/austin/11715-lochridge-dr-austin-tx-78758--1001560080
1167,/p/tx/austin/8608-harrier-dr-austin-tx-78729--1002304906
1168,/p/tx/austin/11021-jordan-ln-austin-tx-78758--2072298384
1169,/p/tx/austin/4328-airport-blvd-b-austin-tx-78722--2174736083
1170,/p/tx/austin/10704-dimitrios-dr-austin-tx-78747--2343908767
1171,/p/tx/austin/8108-huddleston-ln-austin-tx-78748--1002730834
1172,/p/tx/austin/11101-silo-valley-dr-austin-tx-78754--1013129684
1173,/p/tx/austin/7206-creekside-dr-a-austin-tx-78752--2175431992
1174,/p/tx/austin/4408-dove-springs-dr-a-austin-tx-78744--2321882612
1175,/p/tx/austin/2216-christoff-loop-austin-tx-78748--2072246403
1176,/p/tx/austin/914-keith-ln-austin-tx-78705--2072101777
1177,/p/tx/austin/811-w-annie-st-b-austin-tx-78704--2427068202
1178,/p/tx/austin/2502-leon-st-509-austin-tx-78705--2328648443
1179,/p/tx/austin/311-e-31st-st-207a-austin-tx-78705--2494294618
1180,/p/tx/austin/1101-e-parmer-ln-austin-tx-78753--1001651984
1181,/p/tx/austin/3304-tom-green-st-a-austin-tx-78705--2172315628
1182,/p/tx/austin/2544-sol-wilson-ave-austin-tx-78702--1121796418
1183,/p/tx/austin/13501-metric-blvd-1-austin-tx-78727--2362473094
1184,/p/tx/austin/2124-burton-dr-121-austin-tx-78741--2072200313
1185,/p/tx/austin/1500-spyglass-dr-austin-tx-78746--1121048519
1186,/p/tx/austin/10506-little-pebble-dr-b-austin-tx-78758--2177363755
1187,/p/tx/austin/1304-summit-st-207-austin-tx-78741--2072197983
1188,/p/tx/austin/1714-summit-view-pl-4-austin-tx-78703--2072084744
1189,/p/tx/austin/2706-windswept-cv-c-austin-tx-78745--2349025096
1190,/p/tx/austin/5002-blue-spruce-cir-c-austin-tx-78723--2174990963
1191,/p/tx/austin/6000-shepherd-mountain-cv-1511-austin-tx-78730--2171620283
1192,/p/tx/austin/54-rainey-st-517-austin-tx-78701--2072076975
1193,/p/tx/austin/2500-burleson-rd-203-austin-tx-78741--2072201062
1194,/p/tx/austin/1713-enfield-rd-d-austin-tx-78703--2072084730
1195,/p/tx/austin/516-s-park-dr-207-austin-tx-78704--2297526514
1196,/p/tx/austin/1714-summit-view-pl-7-austin-tx-78703--2072084747
1197,/p/tx/austin/300-crockett-st-317-austin-tx-78704--2072096539
1198,/p/tx/austin/2020-s-congress-ave-1111-austin-tx-78704--2110335770
1199,/p/tx/austin/915-w-23rd-st-111-austin-tx-78705--2110340489
1200,/p/tx/austin/4314-gillis-st-107-austin-tx-78745--2311540395
1201,/p/tx/austin/2302-e-side-dr-12-austin-tx-78704--2110336131
1202,/p/tx/austin/5200-lancaster-ct-f-austin-tx-78723--2194546680
1203,/p/tx/austin/7685-northcross-dr-1104-austin-tx-78757--2072295170
1204,/p/tx/austin/3412-cedar-st-b-austin-tx-78705--2281432401
1205,/p/tx/austin/908-nueces-st-41-austin-tx-78701--2316643221
1206,/p/tx/austin/410-e-5th-st-108-austin-tx-78701--2110328958
1207,/p/tx/austin/1601-e-5th-st-216-austin-tx-78702--2110330357
1208,/p/tx/austin/6718-silvermine-dr-1004-austin-tx-78736--2072178193
1209,/p/tx/austin/2501-mission-hill-dr-austin-tx-78741--1011903208
1210,/p/tx/austin/4304-acropolis-ct-d-austin-tx-78759--2410343612
1211,/p/tx/austin/2301-western-trails-blvd-b-austin-tx-78745--2173021204
1212,/p/tx/austin/8507-hathaway-dr-a-austin-tx-78757--2313734522
1213,/p/tx/austin/3107-grandview-st-a-austin-tx-78705--2433959499
1214,/p/tx/austin/914-e-32nd-st-202-austin-tx-78705--2110340427
1215,/p/tx/austin/2102-pompton-dr-austin-tx-78757--2072292255
1216,/p/tx/austin/800-embassy-dr-109-austin-tx-78702--2362627055
1217,/p/tx/austin/6000-shepherd-mountain-cv-809-austin-tx-78730--2172283365
1218,/p/tx/austin/41-waller-st-307-austin-tx-78702--2072082242
1219,/p/tx/austin/7801-shoal-creek-blvd-127-austin-tx-78757--2072295399
1220,/p/tx/austin/4306-avenue-a-110-austin-tx-78751--2072271333
1221,/p/tx/austin/1309-broadmoor-dr-austin-tx-78723--2072113931
1222,/p/tx/austin/1508-braes-ridge-dr-a-austin-tx-78723--2171944009
1223,/p/tx/austin/706-w-22nd-st-208-austin-tx-78705--2110339750
1224,/p/tx/austin/743-e-oltorf-st-203-austin-tx-78704--2189278712
1225,/p/tx/austin/5820-berkman-dr-205-austin-tx-78723--2229455233
1226,/p/tx/austin/4408-scottsdale-rd-a-austin-tx-78721--2194481716
1227,/p/tx/austin/10903-leafwood-ln-austin-tx-78750--1120528551
1228,/p/tx/austin/1840-burton-dr-133-austin-tx-78741--2072199490
1229,/p/tx/austin/8710-piney-creek-bnd-austin-tx-78745--1123711553
1230,/p/tx/austin/2201-e-51st-st-a-austin-tx-78723--2502706944
1231,/p/tx/austin/6012-parkwood-dr-a-austin-tx-78735--2175048449
1232,/p/tx/austin/5406-downs-dr-austin-tx-78721--2072111438
1233,/p/tx/austin/2710-burleson-rd-b-austin-tx-78741--2172315737
1234,/p/tx/austin/1103-w-22nd-st-b-austin-tx-78705--2171339796
1235,/p/tx/austin/2308-barton-village-cir-102-austin-tx-78704--2175577120
1236,/p/tx/austin/6910-hart-ln-410-austin-tx-78731--2072156281
1237,/p/tx/austin/12166-metric-blvd-148-austin-tx-78758--2072300433
1238,/p/tx/austin/5000-mendoza-dr-austin-tx-78721--1009247453
1239,/p/tx/austin/3466-willowrun-dr-3-austin-tx-78704--2492747107
1240,/p/tx/austin/8518-cahill-dr-49-austin-tx-78729--2072146326
1241,/p/tx/austin/12709-margit-dr-austin-tx-78729--1050904149
1242,/p/tx/austin/3306-whitepine-dr-b-austin-tx-78757--2173311750
1243,/p/tx/austin/10908-worn-sole-dr-e-austin-tx-78754--2489313165
1244,/p/tx/austin/12329-n-tomanet-trl-austin-tx-78758--2365853326
1245,/p/tx/austin/12905-steeple-chase-dr-austin-tx-78729--1006555803
1246,/p/tx/austin/8732-white-ibis-dr-austin-tx-78729--2072146514
1247,/p/tx/austin/4609-esper-ln-323-austin-tx-78725--2287498913
1248,/p/tx/austin/8209-easter-cv-austin-tx-78757--1010779765
1249,/p/tx/austin/202-w-mockingbird-ln-a-austin-tx-78745--2229407703
1250,/p/tx/austin/1109-w-22nd-1-2-st-austin-tx-78705--1136785154
1251,/p/tx/austin/1231-e-38th-1-2-st-208-austin-tx-78722--2502132022
1252,/p/tx/austin/1502-marshall-ln-austin-tx-78703--2072084027
1253,/p/tx/austin/12914-quinn-trl-austin-tx-78727--1120829891
1254,/p/tx/austin/1100-w-22nd-st-austin-tx-78705--1120545582
1255,/p/tx/austin/3509-west-ave-austin-tx-78705--2168106005
1256,/p/tx/austin/3410-amalfi-cv-austin-tx-78759--2072308654
1257,/p/tx/austin/11702-tallow-field-way-austin-tx-78758--1011505689
1258,/p/tx/austin/4706-shoalwood-ave-a-austin-tx-78756--2173652226
1259,/p/tx/austin/7608-bethune-ave-a-austin-tx-78752--2412997683
1260,/p/tx/austin/4111-speedway-4-austin-tx-78751--2072271139
1261,/p/tx/austin/1401-e-4th-st-206-austin-tx-78702--2172291710
1262,/p/tx/austin/2100-ann-arbor-ave-austin-tx-78704--2072093464
1263,/p/tx/austin/1606-ethridge-ave-c-austin-tx-78703--2174649465
1264,/p/tx/austin/2400-jarratt-ave-a-austin-tx-78703--2175468489
1265,/p/tx/austin/12314-abney-dr-d-austin-tx-78729--2174182832
1266,/p/tx/austin/5303-indio-dr-a-austin-tx-78745--2172315164
1267,/p/tx/austin/1505-allen-rd-b-austin-tx-78746--2196861735
1268,/p/tx/austin/2706-salado-st-203-austin-tx-78705--2072099912
1269,/p/tx/austin/914-w-26th-st-206-austin-tx-78705--2110340455
1270,/p/tx/austin/708-graham-pl-205-austin-tx-78705--2072101606
1271,/p/tx/austin/806-w-24th-st-219-austin-tx-78705--2110340080
1272,/p/tx/austin/303-w-35th-st-201-austin-tx-78705--2110339073
1273,/p/tx/austin/304-e-33rd-st-1-austin-tx-78705--2110339085
1274,/p/tx/austin/2509-pearl-st-3-austin-tx-78705--2072099660
1275,/p/tx/austin/4915-old-castle-rd-austin-tx-78745--2072219937
1276,/p/tx/austin/105-w-38th-1-2-st-209-austin-tx-78751--2175558698
1277,/p/tx/austin/3101-tom-green-st-104-austin-tx-78705--2171652858
1278,/p/tx/austin/5610-oak-blvd-austin-tx-78735--2072175147
1279,/p/tx/austin/5608-oak-blvd-austin-tx-78735--2072175140
1280,/p/tx/austin/13300-slow-poke-dr-austin-tx-78727--2072134056
1281,/p/tx/austin/5501-duval-st-a-austin-tx-78751--2173037878
1282,/p/tx/austin/10824-gonzales-ranger-pass-austin-tx-78754--2371397687
1283,/p/tx/austin/2504-emmett-pkwy-austin-tx-78728--1018831974
1284,/p/tx/austin/3312-lodgepole-dr-austin-tx-78744--2504201456
1285,/p/tx/austin/7502-montaque-dr-austin-tx-78729--2072145221
1286,/p/tx/austin/5508-duval-st-austin-tx-78751--1004545582
1287,/p/tx/austin/12912-humphrey-dr-austin-tx-78729--1019287105
1288,/p/tx/austin/12302-beartrap-ln-austin-tx-78729--2072141648
1289,/p/tx/austin/3111-e-13th-st-b-austin-tx-78702--2194346533
1290,/p/tx/austin/4807-white-elm-dr-austin-tx-78749--2072255639
1291,/p/tx/austin/2404-mccall-rd-a-austin-tx-78703--2179394304
1292,/p/tx/austin/3111-e-13th-st-a-austin-tx-78702--2189229997
1293,/p/tx/austin/11104-pack-wagon-trl-austin-tx-78754--2353472298
1294,/p/tx/austin/2502-leon-st-212-austin-tx-78705--2340424630
1295,/p/tx/austin/4510-red-river-st-a-austin-tx-78751--2173043960
1296,/p/tx/austin/2502-leon-st-512-austin-tx-78705--2284192634
1297,/p/tx/austin/403-pedernales-st-austin-tx-78702--2072082197
1298,/p/tx/austin/4606-chartwell-dr-a-austin-tx-78723--2504188437
1299,/p/tx/austin/4605-chartwell-dr-a-austin-tx-78723--2189789748
1300,/p/tx/austin/4605-chartwell-dr-b-austin-tx-78723--2504187518
1301,/p/tx/austin/4312-duval-st-106-austin-tx-78751--2229445658
1302,/p/tx/austin/3505-vineland-dr-austin-tx-78722--2072113244
1303,/p/tx/austin/7801-shoal-creek-blvd-224-austin-tx-78757--2072295437
1304,/p/tx/austin/1403-waterloo-trl-b-austin-tx-78704--2172282617
1305,/p/tx/austin/506-blackson-ave-a-austin-tx-78752--2209586031
1306,/p/tx/austin/1221-algarita-ave-austin-tx-78704--2072090054
1307,/c/tx/austin/delwood-1400-e-51st-st-austin-tx-78723--2110341715
1308,/p/tx/austin/1103-w-22nd-st-c-austin-tx-78705--2172286427
1309,/p/tx/austin/8606-mesa-dr-b-austin-tx-78759--2353740691
1310,/p/tx/austin/5521-nelson-oaks-dr-austin-tx-78724--1123075537
1311,/p/tx/austin/3115-helms-st-306-austin-tx-78705--2072100809
1312,/p/tx/austin/8906-pocono-cv-austin-tx-78717--2072107115
1313,/p/tx/austin/900-banister-ln-h-austin-tx-78704--2174370652
1314,/p/tx/austin/8505-dulcet-dr-austin-tx-78745--2072226901
1315,/p/tx/austin/6006-tracy-lynn-ln-a-austin-tx-78721--2361159610
1316,/p/tx/austin/1231-e-38th-1-2-st-109-austin-tx-78722--2499600411
1317,/p/tx/austin/2918-ranch-road-620-n-p-287-austin-tx-78734--2110344925
1318,/p/tx/austin/5603-viewpoint-dr-austin-tx-78744--2072209588
1319,/p/tx/austin/2301-polaris-ave-101-austin-tx-78757--2453095921
1320,/p/tx/austin/7017-cromarty-cv-austin-tx-78754--2072286782
1321,/p/tx/austin/13424-anarosa-loop-austin-tx-78727--1002143171
1322,/p/tx/austin/2604-sherwood-ln-austin-tx-78704--1005208812
1323,/p/tx/austin/1113-gemini-dr-austin-tx-78758--1120582988
1324,/p/tx/austin/1701-dartmouth-ave-austin-tx-78757--1121222518
1325,/p/tx/austin/13150-mill-stone-dr-austin-tx-78729--2072143403
1326,/p/tx/austin/2009-kirksey-dr-b-austin-tx-78741--2172950934
1327,/p/tx/austin/7709-woodrow-ave-austin-tx-78756--2390451220
1328,/p/tx/austin/13604-oystercatcher-dr-austin-tx-78729--1012635574
1329,/p/tx/austin/13700-sage-grouse-dr-1401-austin-tx-78729--2198569538
1330,/p/tx/austin/5309-hutchinson-dr-austin-tx-78723--2072118514
1331,/p/tx/austin/7504-bennett-ave-b-austin-tx-78752--2189247527
1332,/p/tx/austin/6716-glebe-path-austin-tx-78754--2072286621
1333,/p/tx/austin/14313-rountree-ranch-ln-austin-tx-78717--2072103625
1334,/p/tx/austin/8513-inca-dove-dr-austin-tx-78729--1005207689
1335,/p/tx/austin/6003-leisure-run-rd-austin-tx-78745--1010572781
1336,/p/tx/austin/608-1-2-genard-st-b-austin-tx-78751--2175448516
1337,/p/tx/austin/608-1-2-genard-st-a-austin-tx-78751--2181580247
1338,/p/tx/austin/7728-n-manassas-dr-austin-tx-78745--2489114383
1339,/p/tx/austin/8133-ceberry-dr-a-austin-tx-78759--2072313076
1340,/p/tx/austin/600-franklin-blvd-a-austin-tx-78751--2173361964
1341,/p/tx/austin/11932-shropshire-blvd-austin-tx-78753--2072277958
1342,/p/tx/austin/6106-steep-cactus-trl-austin-tx-78735--2372309799
1343,/p/tx/austin/2100-pipers-field-dr-36-austin-tx-78758--2174794168
1344,/p/tx/austin/2509-pearl-st-1-austin-tx-78705--2072099658
1345,/p/tx/austin/12106-grey-fawn-path-austin-tx-78750--1120735699
1346,/p/tx/lakeway/1002-lakeway-dr-lakeway-tx-78734--1123905466
1347,/p/tx/austin/8001-willet-trl-austin-tx-78745--2072225960
1348,/p/tx/austin/10702-lambert-cir-austin-tx-78758--1120500572
1349,/p/tx/austin/1202-radcliff-dr-b-austin-tx-78752--2421493075
1350,/p/tx/austin/6113-turtle-dove-dr-austin-tx-78744--2072210457
1351,/p/tx/austin/16018-remington-reserve-way-austin-tx-78728--1151058656
1352,/p/tx/austin/2304-oak-valley-dr-austin-tx-78748--1150598297
1353,/p/tx/austin/12166-metric-blvd-142-austin-tx-78758--2072300427
1354,/p/tx/austin/1517-cutting-horse-ln-austin-tx-78727--2072134543
1355,/p/tx/austin/2614-little-john-ln-austin-tx-78704--1005448100
1356,/p/tx/austin/3532-ribbon-reef-ln-austin-tx-78728--1122446407
1357,/p/tx/austin/6923-scenic-brook-dr-austin-tx-78736--1151011406
1358,/p/tx/austin/2400-w-7th-st-austin-tx-78703--1002200420
1359,/p/tx/austin/7421-cedar-edge-dr-austin-tx-78744--2072212223
1360,/p/tx/austin/3816-alpine-autumn-dr-austin-tx-78744--2331813746
1361,/p/tx/austin/7201-tonka-ln-austin-tx-78744--2495789531
1362,/p/tx/austin/1171-angelina-st-austin-tx-78702--1120673581
1363,/p/tx/austin/3800-autumn-bay-dr-austin-tx-78744--1030963007
1364,/p/tx/austin/11205-amethyst-trl-austin-tx-78750--2072265209
1365,/p/tx/austin/7400-tonka-ln-austin-tx-78744--2498699571
1366,/p/tx/austin/10732-marshitahs-way-austin-tx-78748--1120503377
1367,/p/tx/austin/12113-cabana-ln-austin-tx-78727--2072131571
1368,/p/tx/austin/4504-norman-trl-austin-tx-78749--2072254981
1369,/p/tx/austin/1811-montana-sky-dr-austin-tx-78727--2072134740
1370,/p/tx/austin/9008-laurel-grove-dr-austin-tx-78758--2072304082
1371,/p/tx/austin/3424-willowrun-dr-1-austin-tx-78704--2338140187
1372,/p/tx/austin/6000-shepherd-mountain-cv-107-austin-tx-78730--2174752432
1373,/p/tx/austin/222-west-ave-1510-austin-tx-78701--2287492186
1374,/p/tx/austin/1905-fairlawn-ln-4-austin-tx-78704--2171856231
1375,/p/tx/austin/1200-enfield-rd-207-austin-tx-78703--2357145775
1376,/p/tx/austin/6000-shepherd-mountain-cv-1401-austin-tx-78730--2172803560
1377,/p/tx/austin/7685-northcross-dr-109-austin-tx-78757--2172290943
1378,/p/tx/austin/4100-avenue-c-213-austin-tx-78751--2171668802
1379,/p/tx/austin/4307-avenue-a-105-austin-tx-78751--2352505683
1380,/p/tx/austin/8905-tronewood-dr-b-austin-tx-78758--2504300591
1381,/p/tx/austin/5601-manor-rd-austin-tx-78723--2072118971
1382,/p/tx/austin/3213-mocha-trl-austin-tx-78728--2072140982
1383,/p/tx/austin/3312-glenview-ave-austin-tx-78703--2072088076
1384,/p/tx/austin/9509-kempler-dr-d-austin-tx-78748--2328625635
1385,/p/tx/austin/2708-oak-springs-dr-austin-tx-78702--2072081522
1386,/p/tx/austin/1134-mason-ave-austin-tx-78721--1015233383
1387,/p/tx/austin/3210-mossrock-dr-102-austin-tx-78757--2427116723
1388,/p/tx/austin/address-not-disclosed-austin-tx-78705--2110339428
1389,/p/tx/austin/8605-furness-dr-b-austin-tx-78753--2443976710
1390,/p/tx/austin/address-not-disclosed-austin-tx-78745--2343869949
1391,/p/tx/austin/6110-wing-feather-dr-austin-tx-78744--1123209592
1392,/p/tx/austin/2010-alguno-rd-austin-tx-78757--2072292166
